TMx,alignment,PRO,OBL,size,Mx,My,Mz,step type,temperature,check temperature
30,hard,1.44,1.0,40,4.407908192143035e-18,1.4950681849981404e-21,2.5678237723565267e-20,Z,20,20
30,hard,1.44,1.0,40,3.828790243603613e-23,1.298643889142564e-26,2.230458976354375e-25,Z,100,100
30,hard,1.44,1.0,40,1.5192689995567673e-21,4.4790610698655116e-18,-3.0218526994709147e-20,I,100,100
30,hard,1.44,1.0,40,1.495293307096049e-21,4.408293305314549e-18,-2.97417171729584e-20,I,125,125
30,hard,1.44,1.0,40,-1.1541924114152882e-35,1.245839858291344e-34,-5.281895010839181e-34,Z,125,125
30,hard,1.44,1.0,40,-1.1541924114152882e-35,1.245839858291344e-34,-5.281895010839181e-34,Z,150,150
30,hard,1.44,1.0,40,1.519268671140505e-21,4.4790610698654014e-18,-3.0218526996669635e-20,P,100,150
30,hard,1.44,1.0,40,1.495015175451127e-21,4.4074718031735616e-18,-2.973619047508604e-20,I,150,150
30,hard,1.44,1.0,40,1.4950151754434038e-21,4.4074718031547314e-18,-2.973619047497054e-20,I,175,175
30,hard,1.44,1.0,40,-1.1541924114152882e-35,1.245839858291344e-34,-5.281895010839181e-34,Z,175,175
30,hard,1.44,1.0,40,-1.1541924114152882e-35,1.245839858291344e-34,-5.281895010839181e-34,Z,200,200
30,hard,1.44,1.0,40,1.4950151754496555e-21,4.407471803173569e-18,-2.973619047508917e-20,P,150,200
30,hard,1.44,1.0,40,1.4950151754449325e-21,4.407471803154738e-18,-2.9736190474964885e-20,I,200,200
30,hard,1.44,1.0,40,1.4950151754438552e-21,4.4074718031547345e-18,-2.9736190474971024e-20,I,225,225
30,hard,1.44,1.0,40,-1.1541924114152882e-35,1.245839858291344e-34,-5.281895010839181e-34,Z,225,225
30,hard,1.44,1.0,40,-1.1541924114152882e-35,1.245839858291344e-34,-5.281895010839181e-34,Z,250,250
30,hard,1.44,1.0,40,1.4950151754483871e-21,4.407471803154735e-18,-2.973619047497071e-20,P,200,250
30,hard,1.44,1.0,40,1.4950151754481404e-21,4.407471803154732e-18,-2.973619047496799e-20,I,250,250
30,hard,1.44,1.0,40,1.495015175443789e-21,4.407471803154737e-18,-2.9736190474971024e-20,I,275,275
30,hard,1.44,1.0,40,-1.1541924114152882e-35,1.245839858291344e-34,-5.281895010839181e-34,Z,275,275
30,hard,1.44,1.0,40,-1.1541924114152882e-35,1.245839858291344e-34,-5.281895010839181e-34,Z,300,300
30,hard,1.44,1.0,40,1.4950151754481404e-21,4.407471803154732e-18,-2.973619047496799e-20,P,250,300
30,hard,1.44,1.0,40,1.4950151754438702e-21,4.407471803154734e-18,-2.973619047496729e-20,I,300,300
30,hard,1.44,1.0,40,1.4950151754427478e-21,4.4074718031547314e-18,-2.9736190474971024e-20,I,325,325
30,hard,1.44,1.0,40,-1.1541924114152882e-35,1.245839858291344e-34,-5.281895010839181e-34,Z,325,325
30,hard,1.44,1.0,40,-1.1541924114152882e-35,1.245839858291344e-34,-5.281895010839181e-34,Z,350,350
30,hard,1.44,1.0,40,1.4950151754452665e-21,4.407471803154732e-18,-2.9736190474966715e-20,P,300,350
30,hard,1.44,1.0,40,1.4950151754452665e-21,4.407471803154732e-18,-2.9736190474966715e-20,I,350,350
30,hard,1.44,1.0,40,1.4950151754433256e-21,4.4074718031547345e-18,-2.973619047496628e-20,I,375,375
30,hard,1.44,1.0,40,-1.1541924114152882e-35,1.245839858291344e-34,-5.281895010839181e-34,Z,375,375
30,hard,1.44,1.0,40,-1.1541924114152882e-35,1.245839858291344e-34,-5.281895010839181e-34,Z,403,403
30,hard,1.44,1.0,40,1.4950151754514084e-21,4.40747180315473e-18,-2.973619047496705e-20,P,350,403
30,hard,1.44,1.0,40,1.495015175443139e-21,4.4074718031547314e-18,-2.973619047496532e-20,I,403,403
30,hard,1.44,1.0,50,9.224210924584264e-18,3.1284180901419662e-21,5.372236312013026e-20,Z,20,20
30,hard,1.44,1.0,50,9.224210923289078e-18,3.1284180897244186e-21,5.3722363112571634e-20,Z,100,100
30,hard,1.44,1.0,50,9.224210921989281e-18,3.128420486640862e-21,5.3722363088858935e-20,I,100,100
30,hard,1.44,1.0,50,9.22421076811252e-18,3.128692147160587e-21,5.372236036566701e-20,I,125,125
30,hard,1.44,1.0,50,9.224210614724089e-18,3.1286920951478335e-21,5.372235947231213e-20,Z,125,125
30,hard,1.44,1.0,50,9.224206052158455e-18,3.1286905476301356e-21,5.372233289962804e-20,Z,150,150
30,hard,1.44,1.0,50,9.224206050858668e-18,3.1286929445614868e-21,5.37223328759592e-20,P,100,150
30,hard,1.44,1.0,50,9.224201474425051e-18,3.1366045473022988e-21,5.3722253008086914e-20,I,150,150
30,hard,1.44,1.0,50,9.224120359077273e-18,3.2639044218681398e-21,5.372092405604753e-20,I,175,175
30,hard,1.44,1.0,50,9.224039443081351e-18,3.2638757902257784e-21,5.372045280433378e-20,Z,175,175
30,hard,1.44,1.0,50,9.221447012010806e-18,3.262958472719236e-21,5.3705354584918894e-20,Z,200,200
30,hard,1.44,1.0,50,9.221442436946816e-18,3.270870008720966e-21,5.370527472544219e-20,P,150,200
30,hard,1.44,1.0,50,9.218845658392607e-18,6.956389895781925e-21,5.3665340796589267e-20,I,200,200
30,hard,1.44,1.0,50,9.09611470328164e-18,1.6394400319225878e-19,5.1878646484175726e-20,I,225,225
30,hard,1.44,1.0,50,8.975204717053226e-18,1.6176477966502803e-19,5.118905025141343e-20,Z,225,225
30,hard,1.44,1.0,50,3.909239690654139e-18,7.04582588534138e-20,2.229590001322568e-20,Z,250,250
30,hard,1.44,1.0,50,3.9081395605597046e-18,7.412483453293568e-20,2.2264772467025745e-20,P,200,250
30,hard,1.44,1.0,50,1.7020028552685178e-18,6.005131668763621e-18,-3.0588901152178816e-20,I,250,250
30,hard,1.44,1.0,50,3.2114389446968295e-21,9.468644645059602e-18,-6.387519662742259e-20,I,275,275
30,hard,1.44,1.0,50,9.349655607088343e-34,2.901441466737888e-34,2.664946949065835e-33,Z,275,275
30,hard,1.44,1.0,50,9.349655607088343e-34,2.901441466737888e-34,2.664946949065835e-33,Z,300,300
30,hard,1.44,1.0,50,2.0263362213934838e-21,5.972903107812276e-18,-4.02997296708653e-20,P,250,300
30,hard,1.44,1.0,50,3.128387614322907e-21,9.22329788702624e-18,-6.222188305008757e-20,I,300,300
30,hard,1.44,1.0,50,3.1283876143243514e-21,9.22329788702482e-18,-6.222188305006246e-20,I,325,325
30,hard,1.44,1.0,50,9.349655607088343e-34,2.901441466737888e-34,2.664946949065835e-33,Z,325,325
30,hard,1.44,1.0,50,9.349655607088343e-34,2.901441466737888e-34,2.664946949065835e-33,Z,350,350
30,hard,1.44,1.0,50,3.128387614322907e-21,9.22329788702624e-18,-6.222188305008757e-20,P,300,350
30,hard,1.44,1.0,50,3.128387614338561e-21,9.223297887024847e-18,-6.222188305010351e-20,I,350,350
30,hard,1.44,1.0,50,3.128387614304394e-21,9.223297887024779e-18,-6.222188305007965e-20,I,375,375
30,hard,1.44,1.0,50,9.349655607088343e-34,2.901441466737888e-34,2.664946949065835e-33,Z,375,375
30,hard,1.44,1.0,50,9.349655607088343e-34,2.901441466737888e-34,2.664946949065835e-33,Z,403,403
30,hard,1.44,1.0,50,3.1283876143263135e-21,9.22329788702482e-18,-6.222188305009547e-20,P,350,403
30,hard,1.44,1.0,50,3.1283876143132773e-21,9.223297887024796e-18,-6.222188305008273e-20,I,403,403
30,hard,1.44,1.0,60,1.9214775335216006e-17,6.517439680615687e-21,1.1183373763597734e-19,Z,20,20
30,hard,1.44,1.0,60,1.9214775335216013e-17,6.517439680620117e-21,1.1183373763597888e-19,Z,100,100
30,hard,1.44,1.0,60,1.9214775335216154e-17,6.5174396805762055e-21,1.118337376360123e-19,I,100,100
30,hard,1.44,1.0,60,1.9214775335216336e-17,6.517439680567575e-21,1.1183373763602419e-19,I,125,125
30,hard,1.44,1.0,60,1.921477533521634e-17,6.517439680568827e-21,1.1183373763602293e-19,Z,125,125
30,hard,1.44,1.0,60,1.921477533521634e-17,6.517439680568827e-21,1.1183373763602293e-19,Z,150,150
30,hard,1.44,1.0,60,1.921477533521649e-17,6.51743968056725e-21,1.1183373763602727e-19,P,100,150
30,hard,1.44,1.0,60,1.9214775335216786e-17,6.5174396805612796e-21,1.118337376360185e-19,I,150,150
30,hard,1.44,1.0,60,1.921477533521725e-17,6.5174396805592814e-21,1.1183373763599602e-19,I,175,175
30,hard,1.44,1.0,60,1.9214775335217258e-17,6.517439680559185e-21,1.1183373763600314e-19,Z,175,175
30,hard,1.44,1.0,60,1.9214775335217258e-17,6.517439680559185e-21,1.1183373763600314e-19,Z,200,200
30,hard,1.44,1.0,60,1.9214775335217646e-17,6.5174396805485805e-21,1.118337376359444e-19,P,150,200
30,hard,1.44,1.0,60,1.9214775335218237e-17,6.517439680538084e-21,1.118337376358821e-19,I,200,200
30,hard,1.44,1.0,60,1.9214775335212207e-17,6.517439693105355e-21,1.1183373763573746e-19,I,225,225
30,hard,1.44,1.0,60,1.9214775335205517e-17,6.517439693104344e-21,1.118337376356887e-19,Z,225,225
30,hard,1.44,1.0,60,1.9214775326447457e-17,6.517439690150978e-21,1.1183373758469945e-19,Z,250,250
30,hard,1.44,1.0,60,1.9214775326448052e-17,6.517439690143118e-21,1.1183373758470923e-19,P,200,250
30,hard,1.44,1.0,60,1.921477531765376e-17,6.51745417310386e-21,1.1183373743619701e-19,I,250,250
30,hard,1.44,1.0,60,1.921475979422195e-17,6.5401817937399035e-21,1.1183348982835625e-19,I,275,275
30,hard,1.44,1.0,60,1.921474432184302e-17,6.540176527382789e-21,1.1183339977620549e-19,Z,275,275
30,hard,1.44,1.0,60,1.918163701728697e-17,6.528907701092164e-21,1.1164070908178705e-19,Z,300,300
30,hard,1.44,1.0,60,1.9181637008507882e-17,6.528922184066604e-21,1.1164070893335375e-19,P,250,300
30,hard,1.44,1.0,60,1.9148505446271576e-17,4.9159373155884527e-20,1.1116120390080635e-19,I,300,300
30,hard,1.44,1.0,60,3.37494963298585e-19,2.0800802176544008e-17,-1.382458537713448e-19,I,325,325
30,hard,1.44,1.0,60,5.874521883599959e-21,3.6206397389977547e-19,-2.406341965409613e-21,Z,325,325
30,hard,1.44,1.0,60,4.799641348990026e-34,-4.288574592169169e-35,4.32151378325625e-33,Z,350,350
30,hard,1.44,1.0,60,1.4468671293416703e-23,4.2641756609707583e-20,-2.8769095948813162e-22,P,300,350
30,hard,1.44,1.0,60,6.513144692777219e-21,1.9212876433966534e-17,-1.2961182368725257e-19,I,350,350
30,hard,1.44,1.0,60,6.513144692803351e-21,1.921287643396426e-17,-1.2961182368733833e-19,I,375,375
30,hard,1.44,1.0,60,4.799641348990026e-34,-4.288574592169169e-35,4.32151378325625e-33,Z,375,375
30,hard,1.44,1.0,60,4.799641348990026e-34,-4.288574592169169e-35,4.32151378325625e-33,Z,403,403
30,hard,1.44,1.0,60,6.513144692801774e-21,1.921287643396645e-17,-1.2961182368728926e-19,P,350,403
30,hard,1.44,1.0,60,6.513144692816833e-21,1.9212876433964266e-17,-1.2961182368734006e-19,I,403,403
30,hard,1.44,1.0,70,1.4571024118630787e-16,-3.490319792560089e-20,-1.0718033073774362e-19,Z,20,20
30,hard,1.44,1.0,70,3.6907388491190964e-17,1.2519839726188965e-20,2.1458485224735846e-19,Z,100,100
30,hard,1.44,1.0,70,3.690735085142845e-17,1.087841680298808e-16,5.917187070515687e-19,I,100,100
30,hard,1.44,1.0,70,3.6907350851428614e-17,1.087841680298808e-16,5.917187070515521e-19,I,125,125
30,hard,1.44,1.0,70,3.6907388491191316e-17,1.2519839726172306e-20,2.1458485224733526e-19,Z,125,125
30,hard,1.44,1.0,70,3.6907388491191316e-17,1.2519839726172306e-20,2.1458485224733526e-19,Z,150,150
30,hard,1.44,1.0,70,3.690735085142875e-17,1.0878416802988241e-16,5.917187070515359e-19,P,100,150
30,hard,1.44,1.0,70,3.6907350851429095e-17,1.0878416802988236e-16,5.9171870705155115e-19,I,150,150
30,hard,1.44,1.0,70,3.69073508514296e-17,1.0878416802988241e-16,5.917187070515629e-19,I,175,175
30,hard,1.44,1.0,70,3.690738849119232e-17,1.251983972611785e-20,2.1458485224731744e-19,Z,175,175
30,hard,1.44,1.0,70,3.690738849119232e-17,1.251983972611785e-20,2.1458485224731744e-19,Z,200,200
30,hard,1.44,1.0,70,3.6907350851430007e-17,1.087841680298823e-16,5.917187070515334e-19,P,150,200
30,hard,1.44,1.0,70,3.690735085143085e-17,1.0878416802988221e-16,5.917187070515325e-19,I,200,200
30,hard,1.44,1.0,70,3.6907350851432034e-17,1.0878416802988224e-16,5.917187070515567e-19,I,225,225
30,hard,1.44,1.0,70,3.690738849119472e-17,1.2519839725983637e-20,2.1458485224734912e-19,Z,225,225
30,hard,1.44,1.0,70,3.690738849119472e-17,1.2519839725983637e-20,2.1458485224734912e-19,Z,250,250
30,hard,1.44,1.0,70,3.690735085143297e-17,1.0878416802988214e-16,5.917187070514986e-19,P,200,250
30,hard,1.44,1.0,70,3.69073508514343e-17,1.0878416802988213e-16,5.91718707051507e-19,I,250,250
30,hard,1.44,1.0,70,3.690735085143587e-17,1.0878416802988208e-16,5.917187070514479e-19,I,275,275
30,hard,1.44,1.0,70,3.690738849119857e-17,1.2519839725820246e-20,2.1458485224722712e-19,Z,275,275
30,hard,1.44,1.0,70,3.690738849113059e-17,1.251983972580101e-20,2.145848522468372e-19,Z,300,300
30,hard,1.44,1.0,70,3.690735085136928e-17,1.0878416802988208e-16,5.917187070510167e-19,P,250,300
30,hard,1.44,1.0,70,3.6907350851302575e-17,1.0878416802999723e-16,5.917187070497799e-19,I,300,300
30,hard,1.44,1.0,70,3.6907335693072586e-17,1.0878418988795603e-16,5.917184754886949e-19,I,325,325
30,hard,1.44,1.0,70,3.6907358247937784e-17,1.2541692610293808e-20,2.145845330114844e-19,Z,325,325
30,hard,1.44,1.0,70,3.3168919531167233e-17,1.1271313166989017e-20,1.9284872843716704e-19,Z,350,350
30,hard,1.44,1.0,70,3.316888731010902e-17,1.0878291944339403e-16,5.699742307940275e-19,P,300,350
30,hard,1.44,1.0,70,2.979904015095136e-17,1.1323837659042382e-16,5.204318819478487e-19,I,350,350
30,hard,1.44,1.0,70,1.251776091566156e-20,1.4567550446995593e-16,1.2811390066735518e-19,I,375,375
30,hard,1.44,1.0,70,-2.3083848228305765e-35,2.491679716582688e-34,-1.0563790021678362e-33,Z,375,375
30,hard,1.44,1.0,70,-2.3083848228305765e-35,2.491679716582688e-34,-1.0563790021678362e-33,Z,403,403
30,hard,1.44,1.0,70,1.527317330796266e-21,1.132282528040963e-16,3.4697899281148614e-19,P,350,403
30,hard,1.44,1.0,70,1.2517760915667722e-20,1.4567550446995593e-16,1.281139006673548e-19,I,403,403
30,hard,1.44,1.0,80,2.7597749665355033e-16,-1.062972737865608e-19,-2.468330034984035e-19,Z,20,20
30,hard,1.44,1.0,80,6.555038758532057e-17,2.218070804011145e-20,3.7998218074576545e-19,Z,100,100
30,hard,1.44,1.0,80,6.557206813057854e-17,2.1034179059240422e-16,1.12353479722271e-18,I,100,100
30,hard,1.44,1.0,80,6.557206813057845e-17,2.1034179059240417e-16,1.1235347972226789e-18,I,125,125
30,hard,1.44,1.0,80,6.555038758532062e-17,2.2180708040025818e-20,3.7998218074563217e-19,Z,125,125
30,hard,1.44,1.0,80,6.555038758532062e-17,2.2180708040025818e-20,3.7998218074563217e-19,Z,150,150
30,hard,1.44,1.0,80,6.557206813057856e-17,2.1034179059240412e-16,1.123534797222625e-18,P,100,150
30,hard,1.44,1.0,80,6.557206813057871e-17,2.1034179059240403e-16,1.1235347972226253e-18,I,150,150
30,hard,1.44,1.0,80,6.557206813057928e-17,2.1034179059240393e-16,1.1235347972225999e-18,I,175,175
30,hard,1.44,1.0,80,6.555038758532147e-17,2.2180708039936648e-20,3.7998218074554685e-19,Z,175,175
30,hard,1.44,1.0,80,6.555038758532147e-17,2.2180708039936648e-20,3.7998218074554685e-19,Z,200,200
30,hard,1.44,1.0,80,6.557206813057972e-17,2.1034179059240398e-16,1.1235347972224855e-18,P,150,200
30,hard,1.44,1.0,80,6.557206813058063e-17,2.1034179059240395e-16,1.1235347972224312e-18,I,200,200
30,hard,1.44,1.0,80,6.557206813058188e-17,2.1034179059240388e-16,1.12353479722235e-18,I,225,225
30,hard,1.44,1.0,80,6.555038758532411e-17,2.218070803975005e-20,3.799821807452697e-19,Z,225,225
30,hard,1.44,1.0,80,6.555038758532411e-17,2.218070803975005e-20,3.799821807452697e-19,Z,250,250
30,hard,1.44,1.0,80,6.557206813058305e-17,2.103417905924038e-16,1.1235347972222682e-18,P,200,250
30,hard,1.44,1.0,80,6.557206813058465e-17,2.1034179059240388e-16,1.123534797222294e-18,I,250,250
30,hard,1.44,1.0,80,6.557206813058666e-17,2.1034179059240388e-16,1.123534797222162e-18,I,275,275
30,hard,1.44,1.0,80,6.555038758532885e-17,2.2180708039819455e-20,3.7998218074506653e-19,Z,275,275
30,hard,1.44,1.0,80,6.555038758532885e-17,2.2180708039819455e-20,3.7998218074506653e-19,Z,300,300
30,hard,1.44,1.0,80,6.557206813058853e-17,2.1034179059240373e-16,1.1235347972219874e-18,P,250,300
30,hard,1.44,1.0,80,6.557206813059085e-17,2.1034179059240378e-16,1.1235347972217382e-18,I,300,300
30,hard,1.44,1.0,80,6.557206813059367e-17,2.1034179059240385e-16,1.1235347972214921e-18,I,325,325
30,hard,1.44,1.0,80,6.555038758533588e-17,2.2180708039834573e-20,3.7998218074440035e-19,Z,325,325
30,hard,1.44,1.0,80,6.555038590525793e-17,2.2180707471331085e-20,3.7998217100529117e-19,Z,350,350
30,hard,1.44,1.0,80,6.557206645054915e-17,2.103417905918354e-16,1.1235347874185441e-18,P,300,350
30,hard,1.44,1.0,80,6.557206475772769e-17,2.103417931047819e-16,1.1235347607522764e-18,I,350,350
30,hard,1.44,1.0,80,2.216357621875974e-19,2.828709993432708e-16,2.538121191481944e-19,I,375,375
30,hard,1.44,1.0,80,5.422453656115217e-22,1.979443388270251e-19,-1.3296021027536414e-21,Z,375,375
30,hard,1.44,1.0,80,4.866763313676198e-33,2.0543614705835378e-33,8.451032017342818e-33,Z,403,403
30,hard,1.44,1.0,80,2.287957917516142e-20,2.1031960879302793e-16,7.410624531999502e-19,P,350,403
30,hard,1.44,1.0,80,4.5133048007497196e-20,2.758658989119598e-16,2.9997031418327673e-19,I,403,403
30,hard,1.44,1.0,90,4.850389802501635e-16,-2.916128985599317e-19,-4.971643500830061e-19,Z,20,20
30,hard,1.44,1.0,90,1.095233813705533e-16,3.7069062348404385e-20,6.338078055551873e-19,Z,100,100
30,hard,1.44,1.0,90,1.096213968965719e-16,3.752327166776149e-16,1.9692624591288413e-18,I,100,100
30,hard,1.44,1.0,90,1.0962139689657134e-16,3.752327166776149e-16,1.9692624591289253e-18,I,125,125
30,hard,1.44,1.0,90,1.0952338137055272e-16,3.706906234845008e-20,6.33807805555393e-19,Z,125,125
30,hard,1.44,1.0,90,1.0952338137055272e-16,3.706906234845008e-20,6.33807805555393e-19,Z,150,150
30,hard,1.44,1.0,90,1.0962139689657142e-16,3.7523271667761476e-16,1.9692624591289538e-18,P,100,150
30,hard,1.44,1.0,90,1.096213968965711e-16,3.7523271667761476e-16,1.9692624591289137e-18,I,150,150
30,hard,1.44,1.0,90,1.0962139689657137e-16,3.7523271667761476e-16,1.9692624591290685e-18,I,175,175
30,hard,1.44,1.0,90,1.0952338137055277e-16,3.706906234830525e-20,6.338078055555906e-19,Z,175,175
30,hard,1.44,1.0,90,1.0952338137055277e-16,3.706906234830525e-20,6.338078055555906e-19,Z,200,200
30,hard,1.44,1.0,90,1.0962139689657159e-16,3.7523271667761506e-16,1.9692624591290516e-18,P,150,200
30,hard,1.44,1.0,90,1.0962139689657249e-16,3.752327166776148e-16,1.9692624591290716e-18,I,200,200
30,hard,1.44,1.0,90,1.0962139689657389e-16,3.752327166776149e-16,1.9692624591291502e-18,I,225,225
30,hard,1.44,1.0,90,1.095233813705553e-16,3.7069062348497263e-20,6.338078055556332e-19,Z,225,225
30,hard,1.44,1.0,90,1.095233813705553e-16,3.7069062348497263e-20,6.338078055556332e-19,Z,250,250
30,hard,1.44,1.0,90,1.0962139689657513e-16,3.7523271667761466e-16,1.9692624591290917e-18,P,200,250
30,hard,1.44,1.0,90,1.0962139689657709e-16,3.7523271667761526e-16,1.9692624591289977e-18,I,250,250
30,hard,1.44,1.0,90,1.0962139689657958e-16,3.7523271667761476e-16,1.9692624591287427e-18,I,275,275
30,hard,1.44,1.0,90,1.0952338137056092e-16,3.7069062348579886e-20,6.338078055552559e-19,Z,275,275
30,hard,1.44,1.0,90,1.0952338137056092e-16,3.7069062348579886e-20,6.338078055552559e-19,Z,300,300
30,hard,1.44,1.0,90,1.0962139689658184e-16,3.7523271667761526e-16,1.9692624591286287e-18,P,250,300
30,hard,1.44,1.0,90,1.0962139689658496e-16,3.7523271667761555e-16,1.9692624591284977e-18,I,300,300
30,hard,1.44,1.0,90,1.0962139689658849e-16,3.752327166776157e-16,1.969262459128483e-18,I,325,325
30,hard,1.44,1.0,90,1.0952338137056988e-16,3.706906234907331e-20,6.338078055548828e-19,Z,325,325
30,hard,1.44,1.0,90,1.0952338137056988e-16,3.706906234907331e-20,6.338078055548828e-19,Z,350,350
30,hard,1.44,1.0,90,1.09621396896592e-16,3.7523271667761585e-16,1.9692624591283683e-18,P,300,350
30,hard,1.44,1.0,90,1.0962139689659628e-16,3.7523271667761595e-16,1.9692624591283675e-18,I,350,350
30,hard,1.44,1.0,90,1.0961494796269461e-16,3.752414356516349e-16,1.9691699159845212e-18,I,375,375
30,hard,1.44,1.0,90,1.0951053947100393e-16,4.578494069950848e-20,6.336772021675739e-19,Z,375,375
30,hard,1.44,1.0,90,3.0404542533801064e-33,1.592214604310004e-33,5.3298938981316875e-33,Z,403,403
30,hard,1.44,1.0,90,1.0053380229622182e-19,3.7519557114480083e-16,1.353435186712012e-18,P,350,403
30,hard,1.44,1.0,90,1.376006135813921e-19,4.847135303714832e-16,6.165186724040555e-19,I,403,403
30,hard,1.44,1.0,100,8.032091384487937e-16,-7.347519422555145e-19,-9.382946747435145e-19,Z,20,20
30,hard,1.44,1.0,100,1.716392660948066e-16,5.800142423703353e-20,9.902024283818047e-19,Z,100,100
30,hard,1.44,1.0,100,1.719414724560022e-16,6.308202169202624e-16,3.369170512738731e-18,I,100,100
30,hard,1.44,1.0,100,1.7194147245600165e-16,6.308202169202625e-16,3.369170512738765e-18,I,125,125
30,hard,1.44,1.0,100,1.7163926609480628e-16,5.800142423700377e-20,9.902024283816298e-19,Z,125,125
30,hard,1.44,1.0,100,1.7163926609480628e-16,5.800142423700377e-20,9.902024283816298e-19,Z,150,150
30,hard,1.44,1.0,100,1.7194147245600197e-16,6.308202169202626e-16,3.3691705127387434e-18,P,100,150
30,hard,1.44,1.0,100,1.7194147245600155e-16,6.308202169202626e-16,3.3691705127387434e-18,I,150,150
30,hard,1.44,1.0,100,1.7194147245600177e-16,6.308202169202622e-16,3.3691705127386402e-18,I,175,175
30,hard,1.44,1.0,100,1.7163926609480658e-16,5.800142423703016e-20,9.902024283814657e-19,Z,175,175
30,hard,1.44,1.0,100,1.7163926609480658e-16,5.800142423703016e-20,9.902024283814657e-19,Z,200,200
30,hard,1.44,1.0,100,1.7194147245600217e-16,6.308202169202623e-16,3.369170512738389e-18,P,150,200
30,hard,1.44,1.0,100,1.7194147245600328e-16,6.308202169202625e-16,3.369170512737996e-18,I,200,200
30,hard,1.44,1.0,100,1.719414724560051e-16,6.308202169202628e-16,3.3691705127379808e-18,I,225,225
30,hard,1.44,1.0,100,1.7163926609480976e-16,5.800142423724384e-20,9.902024283808063e-19,Z,225,225
30,hard,1.44,1.0,100,1.7163926609480976e-16,5.800142423724384e-20,9.902024283808063e-19,Z,250,250
30,hard,1.44,1.0,100,1.7194147245600683e-16,6.308202169202628e-16,3.369170512737805e-18,P,200,250
30,hard,1.44,1.0,100,1.7194147245600934e-16,6.308202169202629e-16,3.369170512737503e-18,I,250,250
30,hard,1.44,1.0,100,1.7194147245601254e-16,6.30820216920262e-16,3.3691705127373537e-18,I,275,275
30,hard,1.44,1.0,100,1.7163926609481725e-16,5.800142423717547e-20,9.902024283801233e-19,Z,275,275
30,hard,1.44,1.0,100,1.7163926609481725e-16,5.800142423717547e-20,9.902024283801233e-19,Z,300,300
30,hard,1.44,1.0,100,1.7194147245601592e-16,6.308202169202628e-16,3.3691705127369777e-18,P,250,300
30,hard,1.44,1.0,100,1.7194147245601994e-16,6.308202169202621e-16,3.3691705127363306e-18,I,300,300
30,hard,1.44,1.0,100,1.719414724560249e-16,6.308202169202627e-16,3.369170512735961e-18,I,325,325
30,hard,1.44,1.0,100,1.716392660948296e-16,5.800142423690642e-20,9.902024283788222e-19,Z,325,325
30,hard,1.44,1.0,100,1.716392660948296e-16,5.800142423690642e-20,9.902024283788222e-19,Z,350,350
30,hard,1.44,1.0,100,1.7194147245602963e-16,6.30820216920262e-16,3.3691705127352845e-18,P,300,350
30,hard,1.44,1.0,100,1.7194147245603505e-16,6.308202169202624e-16,3.36917051273493e-18,I,350,350
30,hard,1.44,1.0,100,1.7194147245014724e-16,6.308202169297901e-16,3.369170512639495e-18,I,375,375
30,hard,1.44,1.0,100,1.716392660831552e-16,5.800143376151457e-20,9.902024282497594e-19,Z,375,375
30,hard,1.44,1.0,100,-6.958683924985129e-33,-1.629420121847389e-33,-1.4693308255765e-32,Z,403,403
30,hard,1.44,1.0,100,3.083430955294659e-19,6.307623800200758e-16,2.3551301302667112e-18,P,350,403
30,hard,1.44,1.0,100,3.6643130813398736e-19,8.023967190509127e-16,1.2022064749866797e-18,I,403,403
30,hard,1.44,1.0,110,1.262249120428564e-15,-1.691759397436578e-18,-1.6290265737483216e-18,Z,20,20
30,hard,1.44,1.0,110,2.5771092406718537e-16,8.70635663738536e-20,1.4854743582463118e-18,Z,100,100
30,hard,1.44,1.0,110,2.584714688586921e-16,1.0027664470690804e-15,5.454864888667905e-18,I,100,100
30,hard,1.44,1.0,110,2.5847146885869164e-16,1.0027664470690804e-15,5.4548648886678034e-18,I,125,125
30,hard,1.44,1.0,110,2.5771092406718754e-16,8.706356637364849e-20,1.4854743582459944e-18,Z,125,125
30,hard,1.44,1.0,110,2.577109240671896e-16,8.706356637376077e-20,1.485474358246013e-18,Z,150,150
30,hard,1.44,1.0,110,2.5847146885869632e-16,1.0027664470690798e-15,5.454864888667511e-18,P,100,150
30,hard,1.44,1.0,110,2.584714688586966e-16,1.00276644706908e-15,5.454864888667523e-18,I,150,150
30,hard,1.44,1.0,110,2.5847146885869687e-16,1.00276644706908e-15,5.454864888667429e-18,I,175,175
30,hard,1.44,1.0,110,2.5771092406719287e-16,8.706356637338724e-20,1.4854743582454906e-18,Z,175,175
30,hard,1.44,1.0,110,2.5771092406719523e-16,8.706356637341545e-20,1.4854743582457988e-18,Z,200,200
30,hard,1.44,1.0,110,2.5847146885870165e-16,1.0027664470690796e-15,5.454864888667606e-18,P,150,200
30,hard,1.44,1.0,110,2.584714688587025e-16,1.0027664470690798e-15,5.454864888667386e-18,I,200,200
30,hard,1.44,1.0,110,2.5847146885870466e-16,1.0027664470690806e-15,5.454864888667033e-18,I,225,225
30,hard,1.44,1.0,110,2.5771092406720253e-16,8.706356637291278e-20,1.4854743582451925e-18,Z,225,225
30,hard,1.44,1.0,110,2.5771092406720746e-16,8.706356637284605e-20,1.4854743582445022e-18,Z,250,250
30,hard,1.44,1.0,110,2.5847146885871457e-16,1.002766447069081e-15,5.4548648886664106e-18,P,200,250
30,hard,1.44,1.0,110,2.584714688587181e-16,1.0027664470690776e-15,5.4548648886662165e-18,I,250,250
30,hard,1.44,1.0,110,2.5847146885872265e-16,1.0027664470690804e-15,5.454864888666015e-18,I,275,275
30,hard,1.44,1.0,110,2.577109240672222e-16,8.70635663723714e-20,1.4854743582441848e-18,Z,275,275
30,hard,1.44,1.0,110,2.577109240672293e-16,8.706356637269294e-20,1.485474358243778e-18,Z,300,300
30,hard,1.44,1.0,110,2.5847146885873937e-16,1.0027664470690776e-15,5.454864888665053e-18,P,250,300
30,hard,1.44,1.0,110,2.5847146885874543e-16,1.0027664470690772e-15,5.454864888664474e-18,I,300,300
30,hard,1.44,1.0,110,2.5847146885875297e-16,1.002766447069079e-15,5.454864888664021e-18,I,325,325
30,hard,1.44,1.0,110,2.5771092406725514e-16,8.706356637407826e-20,1.485474358241987e-18,Z,325,325
30,hard,1.44,1.0,110,2.577109240672642e-16,8.706356637391301e-20,1.48547435824139e-18,Z,350,350
30,hard,1.44,1.0,110,2.5847146885877694e-16,1.0027664470690782e-15,5.454864888662793e-18,P,300,350
30,hard,1.44,1.0,110,2.5847146885878606e-16,1.0027664470690784e-15,5.4548648886622105e-18,I,350,350
30,hard,1.44,1.0,110,2.5847146885879607e-16,1.0027664470690806e-15,5.45486488866212e-18,I,375,375
30,hard,1.44,1.0,110,2.5771092406729976e-16,8.706356637506491e-20,1.4854743582397529e-18,Z,375,375
30,hard,1.44,1.0,110,1.3760267234567974e-33,3.342578854549389e-33,-8.45103201734264e-33,Z,403,403
30,hard,1.44,1.0,110,7.729114839858897e-19,1.002680060793321e-15,3.9090957476740425e-18,P,350,403
30,hard,1.44,1.0,110,8.592041624023654e-19,1.2603899631071259e-15,2.1710907393715582e-18,I,403,403
30,hard,1.44,1.0,120,2.830673640724401e-16,-3.372829647769615e-20,2.098743667832701e-18,Z,20,20
30,hard,1.44,1.0,120,2.830675258660461e-16,-3.3727928338770913e-20,2.0987431030337353e-18,Z,100,100
30,hard,1.44,1.0,120,2.8306768804908787e-16,-3.200033257542347e-20,2.0987901601607658e-18,I,100,100
30,hard,1.44,1.0,120,2.830678502320953e-16,-3.02727491924662e-20,2.098837217104028e-18,I,125,125
30,hard,1.44,1.0,120,2.8306801202453297e-16,-3.027238609019598e-20,2.098836652264357e-18,Z,125,125
30,hard,1.44,1.0,120,2.83068173816449e-16,-3.027202298915219e-20,2.0988360874265214e-18,Z,150,150
30,hard,1.44,1.0,120,2.830683359975088e-16,-2.8544459379204207e-20,2.098883143717917e-18,P,100,150
30,hard,1.44,1.0,120,2.830684981785343e-16,-2.6816908149275655e-20,2.0989301998256738e-18,I,150,150
30,hard,1.44,1.0,120,2.8306866035909183e-16,-2.508936742810623e-20,2.0989772556672323e-18,I,175,175
30,hard,1.44,1.0,120,2.830688221487927e-16,-2.5089011881519757e-20,2.0989766907636792e-18,Z,175,175
30,hard,1.44,1.0,120,2.830689839379727e-16,-2.5088656336320725e-20,2.098976125861811e-18,Z,200,200
30,hard,1.44,1.0,120,2.8306914611701633e-16,-2.3361137258884904e-20,2.0990231811339675e-18,P,150,200
30,hard,1.44,1.0,120,2.8306930829559207e-16,-2.1633628690227275e-20,2.0990702361398827e-18,I,200,200
30,hard,1.44,1.0,120,2.830694704737003e-16,-1.9906130629712476e-20,2.0991172908793232e-18,I,225,225
30,hard,1.44,1.0,120,2.830696322606652e-16,-1.9905782638246805e-20,2.099116725911102e-18,Z,225,225
30,hard,1.44,1.0,120,2.8306979404710944e-16,-1.9905434648152396e-20,2.099116160944759e-18,Z,250,250
30,hard,1.44,1.0,120,2.830699562237035e-16,-1.817795823108058e-20,2.099163215115142e-18,P,200,250
30,hard,1.44,1.0,120,2.8307011839983003e-16,-1.6450492322460124e-20,2.0992102690190685e-18,I,250,250
30,hard,1.44,1.0,120,2.8307028057548905e-16,-1.4723036922072824e-20,2.099257322656643e-18,I,275,275
30,hard,1.44,1.0,120,2.8307044235971854e-16,-1.472269648595348e-20,2.0992567576241912e-18,Z,275,275
30,hard,1.44,1.0,120,2.8307060414342695e-16,-1.4722356050500315e-20,2.09925619259355e-18,Z,300,300
30,hard,1.44,1.0,120,2.8307076631757165e-16,-1.2994922292659862e-20,2.099303245661927e-18,P,250,300
30,hard,1.44,1.0,120,2.830709284912489e-16,-1.1267499042683362e-20,2.099350298463776e-18,I,300,300
30,hard,1.44,1.0,120,2.8307109066445777e-16,-9.54008630079461e-21,2.0993973509996505e-18,I,325,325
30,hard,1.44,1.0,120,2.8307125244595135e-16,-9.539753419623697e-21,2.0993967859024852e-18,Z,325,325
30,hard,1.44,1.0,120,2.83071414226924e-16,-9.539420539186755e-21,2.099396220807511e-18,Z,350,350
30,hard,1.44,1.0,120,2.8307157639861907e-16,-7.812029439479886e-21,2.099443272774053e-18,P,300,350
30,hard,1.44,1.0,120,2.8307173856984696e-16,-6.084648847353666e-21,2.099490324473795e-18,I,350,350
30,hard,1.44,1.0,120,2.8307190074060637e-16,-4.35727876306386e-21,2.0995373759080694e-18,I,375,375
30,hard,1.44,1.0,120,2.83072062519364e-16,-4.356953436387435e-21,2.0995368107466967e-18,Z,375,375
30,hard,1.44,1.0,120,1.1465825870262168e-21,9.912295244973128e-22,-1.689702599645989e-32,Z,403,403
30,hard,1.44,1.0,120,1.1433099653499969e-21,2.7207610002154645e-21,3.519110793553362e-25,P,350,403
30,hard,1.44,1.0,120,1.2300309027255362e-19,2.834683599878367e-16,-2.3670149138378026e-18,I,403,403
30,hard,1.44,1.0,130,1.8562464651168323e-16,6.278357610797484e-20,1.0693674783740958e-18,Z,20,20
30,hard,1.44,1.0,130,1.8562464651168323e-16,6.278357610797484e-20,1.0693674783740958e-18,Z,100,100
30,hard,1.44,1.0,130,1.8562464651168323e-16,6.278357610797484e-20,1.0693674783740958e-18,I,100,100
30,hard,1.44,1.0,130,1.8562464651168323e-16,6.278357610797484e-20,1.0693674783740958e-18,I,125,125
30,hard,1.44,1.0,130,1.8562464651168323e-16,6.278357610797484e-20,1.0693674783740958e-18,Z,125,125
30,hard,1.44,1.0,130,1.8562464651168323e-16,6.278357610797484e-20,1.0693674783740958e-18,Z,150,150
30,hard,1.44,1.0,130,1.8562464651168323e-16,6.278357610797484e-20,1.0693674783740958e-18,P,100,150
30,hard,1.44,1.0,130,1.8562464651168323e-16,6.278357610797484e-20,1.0693674783740958e-18,I,150,150
30,hard,1.44,1.0,130,1.8562464651168404e-16,6.278357610784907e-20,1.0693674783740257e-18,I,175,175
30,hard,1.44,1.0,130,1.856246465116841e-16,6.278357610806478e-20,1.0693674783742353e-18,Z,175,175
30,hard,1.44,1.0,130,1.856246465116867e-16,6.278357610855839e-20,1.0693674783740966e-18,Z,200,200
30,hard,1.44,1.0,130,1.856246465116867e-16,6.278357610855839e-20,1.0693674783740966e-18,P,150,200
30,hard,1.44,1.0,130,1.856246465116896e-16,6.27835761084828e-20,1.0693674783742576e-18,I,200,200
30,hard,1.44,1.0,130,1.856246465116941e-16,6.278357610875127e-20,1.069367478373981e-18,I,225,225
30,hard,1.44,1.0,130,1.8562464651169814e-16,6.278357610909361e-20,1.0693674783735315e-18,Z,225,225
30,hard,1.44,1.0,130,1.856246465117024e-16,6.278357610930411e-20,1.0693674783735123e-18,Z,250,250
30,hard,1.44,1.0,130,1.856246465117056e-16,6.27835761094476e-20,1.069367478373654e-18,P,200,250
30,hard,1.44,1.0,130,1.856246465117106e-16,6.278357610957047e-20,1.0693674783734287e-18,I,250,250
30,hard,1.44,1.0,130,1.856246465117161e-16,6.278357611016144e-20,1.0693674783732342e-18,I,275,275
30,hard,1.44,1.0,130,1.8562464651172053e-16,6.27835761106903e-20,1.0693674783729333e-18,Z,275,275
30,hard,1.44,1.0,130,1.8562464651172442e-16,6.278357611132095e-20,1.069367478372725e-18,Z,300,300
30,hard,1.44,1.0,130,1.8562464651172908e-16,6.278357611193214e-20,1.0693674783722173e-18,P,250,300
30,hard,1.44,1.0,130,1.8562464651173438e-16,6.278357611221371e-20,1.0693674783718899e-18,I,300,300
30,hard,1.44,1.0,130,1.8562464651173995e-16,6.27835761129006e-20,1.0693674783715313e-18,I,325,325
30,hard,1.44,1.0,130,1.856246465117446e-16,6.27835761134934e-20,1.0693674783707501e-18,Z,325,325
30,hard,1.44,1.0,130,1.8562464651174883e-16,6.278357611383351e-20,1.0693674783705051e-18,Z,350,350
30,hard,1.44,1.0,130,1.856246465117541e-16,6.278357611414301e-20,1.069367478370209e-18,P,300,350
30,hard,1.44,1.0,130,1.8562464651175916e-16,6.278357611463114e-20,1.0693674783696373e-18,I,350,350
30,hard,1.44,1.0,130,1.8562464651176436e-16,6.278357611510973e-20,1.069367478368959e-18,I,375,375
30,hard,1.44,1.0,130,1.8562464651176872e-16,6.278357611537551e-20,1.0693674783684729e-18,Z,375,375
30,hard,1.44,1.0,130,1.8562464651177282e-16,6.278357611557831e-20,1.0693674783676131e-18,Z,403,403
30,hard,1.44,1.0,130,1.8562464651177797e-16,6.278357611610679e-20,1.0693674783672218e-18,P,350,403
30,hard,1.44,1.0,130,1.856246465117831e-16,6.27835761163508e-20,1.0693674783666702e-18,I,403,403
30,hard,1.44,1.0,140,1.8830846649604266e-16,4.561046030257291e-19,1.5684552531743544e-18,Z,20,20
30,hard,1.44,1.0,140,1.8830846649604266e-16,4.561046030257291e-19,1.5684552531743544e-18,Z,100,100
30,hard,1.44,1.0,140,1.8830846649604266e-16,4.561046030257291e-19,1.5684552531743544e-18,I,100,100
30,hard,1.44,1.0,140,1.8830846649604266e-16,4.561046030257291e-19,1.5684552531743544e-18,I,125,125
30,hard,1.44,1.0,140,1.8830846649604266e-16,4.561046030257291e-19,1.5684552531743544e-18,Z,125,125
30,hard,1.44,1.0,140,1.8830846649604266e-16,4.561046030257291e-19,1.5684552531743544e-18,Z,150,150
30,hard,1.44,1.0,140,1.8830846649604266e-16,4.561046030257291e-19,1.5684552531743544e-18,P,100,150
30,hard,1.44,1.0,140,1.8830846649604266e-16,4.561046030257291e-19,1.5684552531743544e-18,I,150,150
30,hard,1.44,1.0,140,1.8830846649604266e-16,4.561046030257291e-19,1.5684552531743544e-18,I,175,175
30,hard,1.44,1.0,140,1.8830846649604266e-16,4.561046030257291e-19,1.5684552531743544e-18,Z,175,175
30,hard,1.44,1.0,140,1.8830846649604266e-16,4.561046030257291e-19,1.5684552531743544e-18,Z,200,200
30,hard,1.44,1.0,140,1.8830846649604266e-16,4.561046030257291e-19,1.5684552531743544e-18,P,150,200
30,hard,1.44,1.0,140,1.8830846649604266e-16,4.561046030257291e-19,1.5684552531743544e-18,I,200,200
30,hard,1.44,1.0,140,1.8830846649604266e-16,4.561046030257291e-19,1.5684552531743544e-18,I,225,225
30,hard,1.44,1.0,140,1.8830846649604266e-16,4.561046030257291e-19,1.5684552531743544e-18,Z,225,225
30,hard,1.44,1.0,140,1.8830846649604266e-16,4.561046030257291e-19,1.5684552531743544e-18,Z,250,250
30,hard,1.44,1.0,140,1.8830846649604266e-16,4.561046030257291e-19,1.5684552531743544e-18,P,200,250
30,hard,1.44,1.0,140,1.8830846649604266e-16,4.561046030257291e-19,1.5684552531743544e-18,I,250,250
30,hard,1.44,1.0,140,1.8830846649604266e-16,4.561046030257291e-19,1.5684552531743544e-18,I,275,275
30,hard,1.44,1.0,140,1.8830846649604266e-16,4.561046030257291e-19,1.5684552531743544e-18,Z,275,275
30,hard,1.44,1.0,140,1.8830846649604266e-16,4.561046030257291e-19,1.5684552531743544e-18,Z,300,300
30,hard,1.44,1.0,140,1.8830846649604266e-16,4.561046030257291e-19,1.5684552531743544e-18,P,250,300
30,hard,1.44,1.0,140,1.8830846649604266e-16,4.561046030257291e-19,1.5684552531743544e-18,I,300,300
30,hard,1.44,1.0,140,1.8830846649604266e-16,4.561046030257291e-19,1.5684552531743544e-18,I,325,325
30,hard,1.44,1.0,140,1.8830846649604266e-16,4.561046030257291e-19,1.5684552531743544e-18,Z,325,325
30,hard,1.44,1.0,140,1.8830846649604266e-16,4.561046030257291e-19,1.5684552531743544e-18,Z,350,350
30,hard,1.44,1.0,140,1.8830846649604266e-16,4.561046030257291e-19,1.5684552531743544e-18,P,300,350
30,hard,1.44,1.0,140,1.8830846649604266e-16,4.561046030257291e-19,1.5684552531743544e-18,I,350,350
30,hard,1.44,1.0,140,1.8830846649604266e-16,4.561046030257291e-19,1.5684552531743544e-18,I,375,375
30,hard,1.44,1.0,140,1.8830846649604266e-16,4.561046030257291e-19,1.5684552531743544e-18,Z,375,375
30,hard,1.44,1.0,140,-1.998167670726288e-32,-4.261744436555612e-33,-5.107756457505773e-32,Z,403,403
30,hard,1.44,1.0,140,-1.998167670726288e-32,-4.261744436555612e-33,-5.107756457505773e-32,P,350,403
30,hard,1.44,1.0,140,-4.661718888987456e-18,1.829192277148978e-16,-9.480731727237269e-19,I,403,403
30,hard,1.44,1.0,150,1.6059186035594508e-15,5.291850811370125e-19,8.292730720104898e-18,Z,20,20
30,hard,1.44,1.0,150,1.6059186035594508e-15,5.291850811370125e-19,8.292730720104898e-18,Z,100,100
30,hard,1.44,1.0,150,1.6059186035594508e-15,5.291850811370125e-19,8.292730720104898e-18,I,100,100
30,hard,1.44,1.0,150,1.6059186035594508e-15,5.291850811370125e-19,8.292730720104898e-18,I,125,125
30,hard,1.44,1.0,150,1.6059186035594508e-15,5.291850811370125e-19,8.292730720104898e-18,Z,125,125
30,hard,1.44,1.0,150,1.6059186035594508e-15,5.291850811370125e-19,8.292730720104898e-18,Z,150,150
30,hard,1.44,1.0,150,1.6059186035594508e-15,5.291850811370125e-19,8.292730720104898e-18,P,100,150
30,hard,1.44,1.0,150,1.6059186035594508e-15,5.291850811370125e-19,8.292730720104898e-18,I,150,150
30,hard,1.44,1.0,150,1.6059186035594508e-15,5.291850811370125e-19,8.292730720104898e-18,I,175,175
30,hard,1.44,1.0,150,1.6059186035594508e-15,5.291850811370125e-19,8.292730720104898e-18,Z,175,175
30,hard,1.44,1.0,150,1.6059186035594508e-15,5.291850811370125e-19,8.292730720104898e-18,Z,200,200
30,hard,1.44,1.0,150,1.6059186035594508e-15,5.291850811370125e-19,8.292730720104898e-18,P,150,200
30,hard,1.44,1.0,150,1.6059186035594508e-15,5.291850811370125e-19,8.292730720104898e-18,I,200,200
30,hard,1.44,1.0,150,1.6059186035594508e-15,5.291850811370125e-19,8.292730720104898e-18,I,225,225
30,hard,1.44,1.0,150,1.6059186035594508e-15,5.291850811370125e-19,8.292730720104898e-18,Z,225,225
30,hard,1.44,1.0,150,1.6059186035594508e-15,5.291850811370125e-19,8.292730720104898e-18,Z,250,250
30,hard,1.44,1.0,150,1.6059186035594508e-15,5.291850811370125e-19,8.292730720104898e-18,P,200,250
30,hard,1.44,1.0,150,1.6059186035594508e-15,5.291850811370125e-19,8.292730720104898e-18,I,250,250
30,hard,1.44,1.0,150,1.6059186035594508e-15,5.291850811370125e-19,8.292730720104898e-18,I,275,275
30,hard,1.44,1.0,150,1.6059186035594508e-15,5.291850811370125e-19,8.292730720104898e-18,Z,275,275
30,hard,1.44,1.0,150,1.6059186035594508e-15,5.291850811370125e-19,8.292730720104898e-18,Z,300,300
30,hard,1.44,1.0,150,1.6059186035594508e-15,5.291850811370125e-19,8.292730720104898e-18,P,250,300
30,hard,1.44,1.0,150,1.6059186035594508e-15,5.291850811370125e-19,8.292730720104898e-18,I,300,300
30,hard,1.44,1.0,150,1.6059186035594508e-15,5.291850811370125e-19,8.292730720104898e-18,I,325,325
30,hard,1.44,1.0,150,1.6059186035594508e-15,5.291850811370125e-19,8.292730720104898e-18,Z,325,325
30,hard,1.44,1.0,150,1.6059186035594508e-15,5.291850811370125e-19,8.292730720104898e-18,Z,350,350
30,hard,1.44,1.0,150,1.6059186035594508e-15,5.291850811370125e-19,8.292730720104898e-18,P,300,350
30,hard,1.44,1.0,150,1.6059186035594508e-15,5.291850811370125e-19,8.292730720104898e-18,I,350,350
30,hard,1.44,1.0,150,1.6059186035589506e-15,5.291850819362711e-19,8.292730720097653e-18,I,375,375
30,hard,1.44,1.0,150,1.6059186035584485e-15,5.291850819361217e-19,8.292730720095133e-18,Z,375,375
30,hard,1.44,1.0,150,-2.3488730495353807e-32,-5.009738070376393e-33,-6.004236612568562e-32,Z,403,403
30,hard,1.44,1.0,150,-2.3488730495353807e-32,-5.009738070371455e-33,-6.00423661256856e-32,P,350,403
30,hard,1.44,1.0,150,5.278136208244476e-19,1.6057755430316714e-15,-1.0412412970096298e-17,I,403,403
30,hard,1.44,1.0,160,1.6843335824055002e-15,5.586648652175408e-19,8.958082531262291e-18,Z,20,20
30,hard,1.44,1.0,160,1.6843335824055002e-15,5.586648652175408e-19,8.958082531262291e-18,Z,100,100
30,hard,1.44,1.0,160,1.6843335824055002e-15,5.586648652175408e-19,8.958082531262291e-18,I,100,100
30,hard,1.44,1.0,160,1.6843335824055002e-15,5.586648652175408e-19,8.958082531262291e-18,I,125,125
30,hard,1.44,1.0,160,1.6843335824055002e-15,5.586648652175408e-19,8.958082531262291e-18,Z,125,125
30,hard,1.44,1.0,160,1.6843335824055002e-15,5.586648652175408e-19,8.958082531262291e-18,Z,150,150
30,hard,1.44,1.0,160,1.6843335824055002e-15,5.586648652175408e-19,8.958082531262291e-18,P,100,150
30,hard,1.44,1.0,160,1.6843335824055002e-15,5.586648652175408e-19,8.958082531262291e-18,I,150,150
30,hard,1.44,1.0,160,1.6843335824055002e-15,5.586648652175108e-19,8.958082531262254e-18,I,175,175
30,hard,1.44,1.0,160,1.6843335824055002e-15,5.586648652175108e-19,8.958082531262254e-18,Z,175,175
30,hard,1.44,1.0,160,1.6843335784925594e-15,5.586648710454803e-19,8.958082538636347e-18,Z,200,200
30,hard,1.44,1.0,160,1.6843335784925594e-15,5.586648710454803e-19,8.958082538636347e-18,P,150,200
30,hard,1.44,1.0,160,1.6843335743002504e-15,5.586694726936963e-19,8.95808257293051e-18,I,200,200
30,hard,1.44,1.0,160,1.6842557247315341e-15,6.340847368415856e-19,8.958629637447301e-18,I,225,225
30,hard,1.44,1.0,160,1.6842554315964382e-15,5.59139414802404e-19,8.958225160177074e-18,Z,225,225
30,hard,1.44,1.0,160,1.684066884509722e-15,5.590768209084771e-19,8.957222315107264e-18,Z,250,250
30,hard,1.44,1.0,160,1.6840668845009902e-15,5.590891682568985e-19,8.957222360799666e-18,P,200,250
30,hard,1.44,1.0,160,1.6838658070236164e-15,1.188358547006377e-18,8.955780175107169e-18,I,250,250
30,hard,1.44,1.0,160,1.6760783596764384e-15,2.6320971170294963e-17,8.817842028103666e-18,I,275,275
30,hard,1.44,1.0,160,1.6694736302825461e-15,2.5500282910098524e-17,8.782871692063038e-18,Z,275,275
30,hard,1.44,1.0,160,1.6511659237589728e-15,2.5220642856300914e-17,8.686557360133824e-18,Z,300,300
30,hard,1.44,1.0,160,1.650968686897374e-15,2.5719074632146766e-17,8.684542700061746e-18,P,250,300
30,hard,1.44,1.0,160,1.6297057902473444e-15,9.242001538297182e-17,8.314034735150623e-18,I,300,300
30,hard,1.44,1.0,160,1.6208974070179695e-15,1.1862182961414038e-16,8.158912991328042e-18,I,325,325
30,hard,1.44,1.0,160,1.613387943076869e-15,1.179917225472825e-16,8.120942547381537e-18,Z,325,325
30,hard,1.44,1.0,160,1.6108762344197535e-15,1.1780803403500353e-16,8.108299932944572e-18,Z,350,350
30,hard,1.44,1.0,160,1.590156701162406e-15,1.82882649830162e-16,7.747490020153986e-18,P,300,350
30,hard,1.44,1.0,160,1.5872651328641186e-15,1.915557446753782e-16,7.697247924817988e-18,I,350,350
30,hard,1.44,1.0,160,1.5848581074480587e-15,1.9878104532080262e-16,7.655829138833873e-18,I,375,375
30,hard,1.44,1.0,160,1.5827983874027328e-15,1.9844216288555008e-16,7.645708715257174e-18,Z,375,375
30,hard,1.44,1.0,160,-2.7195077284442627e-32,-5.800199504761641e-33,-6.951675335945563e-32,Z,403,403
30,hard,1.44,1.0,160,3.0436930113690158e-21,9.133454049623597e-18,-5.962072888746278e-20,P,350,403
30,hard,1.44,1.0,160,5.577163861612471e-19,1.6841797108097526e-15,-1.1028086097340115e-17,I,403,403
30,hard,1.44,1.0,170,1.2355968199950483e-15,-1.890379593767455e-18,-3.804775739543173e-18,Z,20,20
30,hard,1.44,1.0,170,1.2355968199950483e-15,-1.890379593767455e-18,-3.804775739543173e-18,Z,100,100
30,hard,1.44,1.0,170,1.2355968199950483e-15,-1.890379593767455e-18,-3.804775739543173e-18,I,100,100
30,hard,1.44,1.0,170,1.2355968199950483e-15,-1.890379593767455e-18,-3.804775739543173e-18,I,125,125
30,hard,1.44,1.0,170,1.2355968199950483e-15,-1.890379593767455e-18,-3.804775739543173e-18,Z,125,125
30,hard,1.44,1.0,170,1.2355968199950483e-15,-1.890379593767455e-18,-3.804775739543173e-18,Z,150,150
30,hard,1.44,1.0,170,1.2355968199950483e-15,-1.890379593767455e-18,-3.804775739543173e-18,P,100,150
30,hard,1.44,1.0,170,1.2355968199950483e-15,-1.890379593767455e-18,-3.804775739543173e-18,I,150,150
30,hard,1.44,1.0,170,1.2355968199950483e-15,-1.890379593767455e-18,-3.804775739543173e-18,I,175,175
30,hard,1.44,1.0,170,1.2355968199950483e-15,-1.890379593767455e-18,-3.804775739543173e-18,Z,175,175
30,hard,1.44,1.0,170,1.2355968196520739e-15,-1.89037959324283e-18,-3.804775738487033e-18,Z,200,200
30,hard,1.44,1.0,170,1.2355968196520739e-15,-1.89037959324283e-18,-3.804775738487033e-18,P,150,200
30,hard,1.44,1.0,170,1.2355968192833617e-15,-1.8903791504187234e-18,-3.8047757356533356e-18,I,200,200
30,hard,1.44,1.0,170,1.167150049132274e-15,7.379552411506963e-17,-3.304771765841651e-18,I,225,225
30,hard,1.44,1.0,170,1.1061367156441095e-15,6.993782738951671e-17,-3.132013222926551e-18,Z,225,225
30,hard,1.44,1.0,170,9.47530806971624e-34,8.191477193744263e-34,1.5053010847239246e-47,Z,250,250
30,hard,1.44,1.0,170,-1.249474681403439e-28,4.353364220676629e-25,1.3859535774652481e-27,P,200,250
30,hard,1.44,1.0,170,7.905407061783756e-19,1.2336664112773392e-15,4.7148814924154984e-18,I,250,250
30,hard,1.44,1.0,170,7.905407061784076e-19,1.2336664112773447e-15,4.7148814924155e-18,I,275,275
30,hard,1.44,1.0,170,9.47530806971624e-34,8.191477193744263e-34,1.5053010847239246e-47,Z,275,275
30,hard,1.44,1.0,170,9.47530806971624e-34,8.191477193744263e-34,1.5053010847239246e-47,Z,300,300
30,hard,1.44,1.0,170,7.905407061783756e-19,1.2336664112773392e-15,4.7148814924154984e-18,P,250,300
30,hard,1.44,1.0,170,7.90540706178371e-19,1.2336664112773412e-15,4.714881492415506e-18,I,300,300
30,hard,1.44,1.0,170,7.905407061783818e-19,1.2336664112773392e-15,4.7148814924154984e-18,I,325,325
30,hard,1.44,1.0,170,9.47530806971624e-34,8.191477193744263e-34,1.5053010847239246e-47,Z,325,325
30,hard,1.44,1.0,170,9.47530806971624e-34,8.191477193744263e-34,1.5053010847239246e-47,Z,350,350
30,hard,1.44,1.0,170,7.90540706178371e-19,1.2336664112773412e-15,4.714881492415506e-18,P,300,350
30,hard,1.44,1.0,170,7.905407061783818e-19,1.2336664112773392e-15,4.7148814924154984e-18,I,350,350
30,hard,1.44,1.0,170,7.905407061784145e-19,1.2336664112773392e-15,4.714881492415483e-18,I,375,375
30,hard,1.44,1.0,170,9.47530806971624e-34,8.191477193744263e-34,1.5053010847239246e-47,Z,375,375
30,hard,1.44,1.0,170,9.47530806971624e-34,8.191477193744263e-34,1.5053010847239246e-47,Z,403,403
30,hard,1.44,1.0,170,7.905407061784342e-19,1.2336664112773418e-15,4.7148814924154614e-18,P,350,403
30,hard,1.44,1.0,170,7.905407061784145e-19,1.2336664112773392e-15,4.714881492415483e-18,I,403,403
30,hard,1.44,1.0,180,1.434433411934996e-15,7.658583901587558e-18,-1.9473787314957795e-17,Z,20,20
30,hard,1.44,1.0,180,1.434433411934996e-15,7.658583901587558e-18,-1.947378731495779e-17,Z,100,100
30,hard,1.44,1.0,180,1.229770088255038e-15,4.630820982248242e-16,4.343231275285037e-17,I,100,100
30,hard,1.44,1.0,180,1.229770088255038e-15,4.630820982248242e-16,4.3432312752850406e-17,I,125,125
30,hard,1.44,1.0,180,1.229770088255038e-15,4.630820982248242e-16,4.3432312752850406e-17,Z,125,125
30,hard,1.44,1.0,180,1.229770088255038e-15,4.630820982248242e-16,4.343231275285042e-17,Z,150,150
30,hard,1.44,1.0,180,1.229770088255038e-15,4.630820982248242e-16,4.3432312752850406e-17,P,100,150
30,hard,1.44,1.0,180,1.229770088255038e-15,4.630820982248242e-16,4.3432312752850443e-17,I,150,150
30,hard,1.44,1.0,180,1.229770088255038e-15,4.630820982248242e-16,4.343231275285043e-17,I,175,175
30,hard,1.44,1.0,180,1.229770088255038e-15,4.630820982248242e-16,4.343231275285043e-17,Z,175,175
30,hard,1.44,1.0,180,1.2297700882550372e-15,4.630820982248239e-16,4.3432312752850406e-17,Z,200,200
30,hard,1.44,1.0,180,1.2297700882550372e-15,4.630820982248242e-16,4.3432312752850394e-17,P,150,200
30,hard,1.44,1.0,180,1.2297700882550368e-15,4.630820982248248e-16,4.3432312752850456e-17,I,200,200
30,hard,1.44,1.0,180,1.2297470496232567e-15,4.630992114394653e-16,4.3432269012081295e-17,I,225,225
30,hard,1.44,1.0,180,1.229724922590577e-15,4.630908788222909e-16,4.3431487528412867e-17,Z,225,225
30,hard,1.44,1.0,180,-1.1895545287696759e-33,-1.4060767937641372e-32,-2.618588918180304e-32,Z,250,250
30,hard,1.44,1.0,180,1.150163969677188e-16,5.902573638587152e-16,6.748985215793499e-17,P,200,250
30,hard,1.44,1.0,180,4.5231956986878114e-18,1.1472595708843223e-15,6.530166028630878e-17,I,250,250
30,hard,1.44,1.0,180,4.6603385137243234e-18,1.1453818996187766e-15,6.518784616353458e-17,I,275,275
30,hard,1.44,1.0,180,-8.520165532617014e-33,-1.08283663328522e-32,-2.645309213263777e-32,Z,275,275
30,hard,1.44,1.0,180,-8.520165532617014e-33,-1.08283663328522e-32,-2.645309213263777e-32,Z,300,300
30,hard,1.44,1.0,180,4.5231956986878114e-18,1.1472595708843223e-15,6.530166028630878e-17,P,250,300
30,hard,1.44,1.0,180,4.6603385137244035e-18,1.1453818996187736e-15,6.518784616353442e-17,I,300,300
30,hard,1.44,1.0,180,4.660338513724399e-18,1.145381899618774e-15,6.518784616353442e-17,I,325,325
30,hard,1.44,1.0,180,-8.520165532617014e-33,-1.08283663328522e-32,-2.645309213263777e-32,Z,325,325
30,hard,1.44,1.0,180,-8.520165532617014e-33,-1.08283663328522e-32,-2.645309213263777e-32,Z,350,350
30,hard,1.44,1.0,180,4.6603385137244035e-18,1.1453818996187736e-15,6.518784616353442e-17,P,300,350
30,hard,1.44,1.0,180,4.660338513724411e-18,1.145381899618774e-15,6.518784616353442e-17,I,350,350
30,hard,1.44,1.0,180,4.660338513724368e-18,1.145381899618775e-15,6.518784616353457e-17,I,375,375
30,hard,1.44,1.0,180,-8.520165532617014e-33,-1.08283663328522e-32,-2.645309213263777e-32,Z,375,375
30,hard,1.44,1.0,180,-8.520165532617014e-33,-1.08283663328522e-32,-2.645309213263777e-32,Z,403,403
30,hard,1.44,1.0,180,4.660338513724248e-18,1.1453818996187754e-15,6.51878461635346e-17,P,350,403
30,hard,1.44,1.0,180,4.660338513724368e-18,1.145381899618775e-15,6.518784616353457e-17,I,403,403
30,hard,1.44,1.0,190,1.3328483146381586e-15,-2.122407059894447e-18,-4.112435275130945e-18,Z,20,20
30,hard,1.44,1.0,190,1.3328483146381586e-15,-2.122407059894447e-18,-4.112435275130951e-18,Z,100,100
30,hard,1.44,1.0,190,1.3328483146381586e-15,-2.122407059894447e-18,-4.112435275130927e-18,I,100,100
30,hard,1.44,1.0,190,1.3328483146381586e-15,-2.122407059894447e-18,-4.112435275130927e-18,I,125,125
30,hard,1.44,1.0,190,1.3328483146381586e-15,-2.122407059894447e-18,-4.112435275130927e-18,Z,125,125
30,hard,1.44,1.0,190,1.3328483146381586e-15,-2.122407059894447e-18,-4.112435275130951e-18,Z,150,150
30,hard,1.44,1.0,190,1.3328483146381586e-15,-2.122407059894447e-18,-4.112435275130927e-18,P,100,150
30,hard,1.44,1.0,190,1.3328483146381586e-15,-2.122407059894447e-18,-4.112435275130951e-18,I,150,150
30,hard,1.44,1.0,190,1.3328483146381586e-15,-2.122407059894447e-18,-4.112435275130927e-18,I,175,175
30,hard,1.44,1.0,190,1.3328483146381586e-15,-2.122407059894447e-18,-4.112435275130945e-18,Z,175,175
30,hard,1.44,1.0,190,1.3328483146381586e-15,-2.122407059894447e-18,-4.112435275130945e-18,Z,200,200
30,hard,1.44,1.0,190,1.3328483146381586e-15,-2.122407059894447e-18,-4.112435275130927e-18,P,150,200
30,hard,1.44,1.0,190,1.3328483146381586e-15,-2.122407059894447e-18,-4.112435275130927e-18,I,200,200
30,hard,1.44,1.0,190,1.3328483107007012e-15,-2.1224023716386827e-18,-4.112435245076047e-18,I,225,225
30,hard,1.44,1.0,190,1.3328483070160798e-15,-2.1224023657714824e-18,-4.112435233707269e-18,Z,225,225
30,hard,1.44,1.0,190,4.79850797367831e-16,-7.641052997472648e-19,-1.4805550658406111e-18,Z,250,250
30,hard,1.44,1.0,190,4.79850797367831e-16,-7.641052997472648e-19,-1.4805550658406111e-18,P,200,250
30,hard,1.44,1.0,190,1.6154609068030025e-16,9.302500116922193e-16,2.8389123756223977e-18,I,250,250
30,hard,1.44,1.0,190,8.976815169729672e-19,1.3306762844536433e-15,5.1126015728646876e-18,I,275,275
30,hard,1.44,1.0,190,-6.179717943884519e-32,6.484110998319903e-32,-5.07618158423709e-32,Z,275,275
30,hard,1.44,1.0,190,-6.179717943884519e-32,6.484110998319903e-32,-5.07618158423709e-32,Z,300,300
30,hard,1.44,1.0,190,1.8537895284993954e-19,9.297034728529356e-16,3.224135564866883e-18,P,250,300
30,hard,1.44,1.0,190,8.97681516972803e-19,1.3306762844536448e-15,5.112601572864498e-18,I,300,300
30,hard,1.44,1.0,190,8.976815169729652e-19,1.330676284453646e-15,5.112601572864601e-18,I,325,325
30,hard,1.44,1.0,190,-2.629966312016184e-32,1.5082374818324635e-31,-1.3291595166469543e-31,Z,325,325
30,hard,1.44,1.0,190,-2.629966312016184e-32,1.5082374818324635e-31,-1.3291595166469543e-31,Z,350,350
30,hard,1.44,1.0,190,8.976815169728847e-19,1.3306762844536448e-15,5.112601572864486e-18,P,300,350
30,hard,1.44,1.0,190,8.97681516972894e-19,1.3306762844536468e-15,5.112601572864523e-18,I,350,350
30,hard,1.44,1.0,190,8.976815169730639e-19,1.3306762844536395e-15,5.112601572864492e-18,I,375,375
30,hard,1.44,1.0,190,8.770376254162826e-33,8.51915437332751e-32,-1.8052408212745072e-31,Z,375,375
30,hard,1.44,1.0,190,8.770376254162826e-33,8.51915437332751e-32,-1.8052408212745072e-31,Z,403,403
30,hard,1.44,1.0,190,8.976815169731028e-19,1.3306762844536423e-15,5.112601572864504e-18,P,350,403
30,hard,1.44,1.0,190,8.976815169729895e-19,1.3306762844536417e-15,5.112601572864501e-18,I,403,403
30,hard,1.44,1.0,200,1.9923153518396544e-15,-1.9404554965796208e-18,-1.7709183340150252e-18,Z,20,20
30,hard,1.44,1.0,200,1.3140048498050127e-15,-2.1465174141854805e-18,-4.058076707286738e-18,Z,100,100
30,hard,1.44,1.0,200,1.3142204155020964e-15,6.761440168299064e-16,-8.032181567579885e-18,I,100,100
30,hard,1.44,1.0,200,1.3142204155020964e-15,6.761440168299065e-16,-8.032181567579392e-18,I,125,125
30,hard,1.44,1.0,200,1.3140048498050127e-15,-2.1465174141850364e-18,-4.058076707285815e-18,Z,125,125
30,hard,1.44,1.0,200,1.3140048498050127e-15,-2.1465174141850364e-18,-4.058076707285815e-18,Z,150,150
30,hard,1.44,1.0,200,1.3142204155020964e-15,6.761440168299065e-16,-8.03218156757913e-18,P,100,150
30,hard,1.44,1.0,200,1.3142204155020966e-15,6.761440168299069e-16,-8.032181567578569e-18,I,150,150
30,hard,1.44,1.0,200,1.3142204155020964e-15,6.761440168299075e-16,-8.032181567577611e-18,I,175,175
30,hard,1.44,1.0,200,1.3140048498050127e-15,-2.146517414184378e-18,-4.058076707284151e-18,Z,175,175
30,hard,1.44,1.0,200,1.3140048498050127e-15,-2.146517414184378e-18,-4.058076707284151e-18,Z,200,200
30,hard,1.44,1.0,200,1.3142204155020958e-15,6.761440168299074e-16,-8.032181567577075e-18,P,150,200
30,hard,1.44,1.0,200,1.3142204155020954e-15,6.761440168299079e-16,-8.032181567576326e-18,I,200,200
30,hard,1.44,1.0,200,1.3142204155015611e-15,6.761440168305642e-16,-8.032181567571395e-18,I,225,225
30,hard,1.44,1.0,200,1.3140048498039797e-15,-2.1465174135266207e-18,-4.058076707276335e-18,Z,225,225
30,hard,1.44,1.0,200,1.3078644652239804e-15,-2.136486672444745e-18,-4.0391131915455445e-18,Z,250,250
30,hard,1.44,1.0,200,1.3080799750447063e-15,6.761540493335576e-16,-8.012710159479358e-18,P,200,250
30,hard,1.44,1.0,200,1.3015918996151903e-15,6.835094382764609e-16,-7.964153550870731e-18,I,250,250
30,hard,1.44,1.0,200,1.1172632060518449e-18,1.990055028568523e-15,1.1874133752884975e-18,I,275,275
30,hard,1.44,1.0,200,-6.796802394612341e-33,5.830909946655376e-34,-2.535309605202824e-32,Z,275,275
30,hard,1.44,1.0,200,-6.796802394612341e-33,5.830909946655376e-34,-2.535309605202824e-32,Z,300,300
30,hard,1.44,1.0,200,2.008281758647247e-19,6.855327576970411e-16,-3.8422436353590795e-18,P,250,300
30,hard,1.44,1.0,200,1.1172632060518977e-18,1.9900550285685274e-15,1.1874133752886196e-18,I,300,300
30,hard,1.44,1.0,200,1.1172632060519797e-18,1.9900550285685333e-15,1.1874133752886408e-18,I,325,325
30,hard,1.44,1.0,200,-6.796802394612341e-33,5.830909946655376e-34,-2.535309605202824e-32,Z,325,325
30,hard,1.44,1.0,200,-6.796802394612341e-33,5.830909946655376e-34,-2.535309605202824e-32,Z,350,350
30,hard,1.44,1.0,200,1.1172632060518977e-18,1.9900550285685274e-15,1.1874133752886196e-18,P,300,350
30,hard,1.44,1.0,200,1.1172632060518133e-18,1.9900550285685282e-15,1.1874133752885642e-18,I,350,350
30,hard,1.44,1.0,200,1.11726320605167e-18,1.990055028568537e-15,1.1874133752887148e-18,I,375,375
30,hard,1.44,1.0,200,-6.796802394612341e-33,5.830909946655376e-34,-2.535309605202824e-32,Z,375,375
30,hard,1.44,1.0,200,-6.796802394612341e-33,5.830909946655376e-34,-2.535309605202824e-32,Z,403,403
30,hard,1.44,1.0,200,1.117263206051677e-18,1.990055028568525e-15,1.1874133752886797e-18,P,350,403
30,hard,1.44,1.0,200,1.1172632060519982e-18,1.9900550285685373e-15,1.1874133752885495e-18,I,403,403
30,hard,1.44,1.0,210,8.262915846100147e-16,-6.313615217995343e-19,1.6241470312581387e-19,Z,20,20
30,hard,1.44,1.0,210,4.705227029014874e-16,-7.768939564718964e-19,-1.4536655437543181e-18,Z,100,100
30,hard,1.44,1.0,210,4.700918496129754e-16,3.537684198716139e-16,-2.1852224857557815e-17,I,100,100
30,hard,1.44,1.0,210,4.700918496129753e-16,3.53768419871614e-16,-2.1852224857557778e-17,I,125,125
30,hard,1.44,1.0,210,4.705227029014875e-16,-7.768939564718467e-19,-1.4536655437542056e-18,Z,125,125
30,hard,1.44,1.0,210,4.705227029014874e-16,-7.768939564718704e-19,-1.4536655437542176e-18,Z,150,150
30,hard,1.44,1.0,210,4.700918496129755e-16,3.537684198716139e-16,-2.1852224857557728e-17,P,100,150
30,hard,1.44,1.0,210,4.700918496129755e-16,3.5376841987161394e-16,-2.1852224857557747e-17,I,150,150
30,hard,1.44,1.0,210,4.700918496129756e-16,3.537684198716141e-16,-2.18522248575576e-17,I,175,175
30,hard,1.44,1.0,210,4.705227029014876e-16,-7.768939564717892e-19,-1.4536655437540808e-18,Z,175,175
30,hard,1.44,1.0,210,4.705227029014876e-16,-7.768939564718586e-19,-1.4536655437540681e-18,Z,200,200
30,hard,1.44,1.0,210,4.700918496129755e-16,3.5376841987161404e-16,-2.1852224857557624e-17,P,150,200
30,hard,1.44,1.0,210,4.700918496129755e-16,3.5376841987161404e-16,-2.1852224857557593e-17,I,200,200
30,hard,1.44,1.0,210,4.700918496129757e-16,3.53768419871614e-16,-2.185222485755745e-17,I,225,225
30,hard,1.44,1.0,210,4.705227029014878e-16,-7.76893956471775e-19,-1.4536655437539437e-18,Z,225,225
30,hard,1.44,1.0,210,4.70512511486729e-16,-7.768771291299234e-19,-1.4536340576937187e-18,Z,250,250
30,hard,1.44,1.0,210,4.700816701797425e-16,3.537684400481094e-16,-2.1851799820418616e-17,P,200,250
30,hard,1.44,1.0,210,4.700708386028649e-16,3.537811840284933e-16,-2.1851304665638047e-17,I,250,250
30,hard,1.44,1.0,210,6.382716891132428e-19,8.264313917887899e-16,-3.972222235143237e-19,I,275,275
30,hard,1.44,1.0,210,-5.8317828541442715e-33,-7.356352379590042e-34,-1.690206403468554e-32,Z,275,275
30,hard,1.44,1.0,210,-5.8317828541442715e-33,-7.356352379590042e-34,-1.690206403468554e-32,Z,300,300
30,hard,1.44,1.0,210,1.159476934113947e-19,3.547129152403977e-16,-2.2280094412536786e-18,P,250,300
30,hard,1.44,1.0,210,6.343699442436725e-19,8.253387512027723e-16,-4.0360518950736634e-19,I,300,300
30,hard,1.44,1.0,210,6.343699442437123e-19,8.253387512027718e-16,-4.0360518950733437e-19,I,325,325
30,hard,1.44,1.0,210,-5.8317828541442715e-33,-7.356352379590042e-34,-1.690206403468554e-32,Z,325,325
30,hard,1.44,1.0,210,-5.8317828541442715e-33,-7.356352379590042e-34,-1.690206403468554e-32,Z,350,350
30,hard,1.44,1.0,210,6.343699442436725e-19,8.253387512027723e-16,-4.0360518950736634e-19,P,300,350
30,hard,1.44,1.0,210,6.343699442436505e-19,8.253387512027723e-16,-4.0360518950736325e-19,I,350,350
30,hard,1.44,1.0,210,6.343699442437024e-19,8.253387512027735e-16,-4.0360518950735016e-19,I,375,375
30,hard,1.44,1.0,210,-5.8317828541442715e-33,-7.356352379590042e-34,-1.690206403468554e-32,Z,375,375
30,hard,1.44,1.0,210,-5.8317828541442715e-33,-7.356352379590042e-34,-1.690206403468554e-32,Z,403,403
30,hard,1.44,1.0,210,6.343699442436834e-19,8.253387512027756e-16,-4.0360518950734207e-19,P,350,403
30,hard,1.44,1.0,210,6.343699442436469e-19,8.253387512027734e-16,-4.0360518950735863e-19,I,403,403
30,hard,1.44,1.0,220,2.4410659701388908e-15,-2.192895022893299e-18,-1.0292504309592925e-18,Z,20,20
30,hard,1.44,1.0,220,1.424450675189914e-15,-2.5047773117830444e-18,-4.4171583816358286e-18,Z,100,100
30,hard,1.44,1.0,220,1.4245274431627011e-15,1.0136218283239338e-15,-1.3043155401259076e-17,I,100,100
30,hard,1.44,1.0,220,1.4245274431627011e-15,1.0136218283239336e-15,-1.304315540125916e-17,I,125,125
30,hard,1.44,1.0,220,1.4244506751899141e-15,-2.5047773117828588e-18,-4.417158381635704e-18,Z,125,125
30,hard,1.44,1.0,220,1.4244506751899141e-15,-2.5047773117828588e-18,-4.417158381635704e-18,Z,150,150
30,hard,1.44,1.0,220,1.424527443162701e-15,1.0136218283239336e-15,-1.3043155401258864e-17,P,100,150
30,hard,1.44,1.0,220,1.4245274431627007e-15,1.0136218283239338e-15,-1.304315540125878e-17,I,150,150
30,hard,1.44,1.0,220,1.4245274431627011e-15,1.0136218283239348e-15,-1.3043155401258787e-17,I,175,175
30,hard,1.44,1.0,220,1.4244506751899141e-15,-2.504777311782182e-18,-4.417158381635171e-18,Z,175,175
30,hard,1.44,1.0,220,1.4244506751899141e-15,-2.504777311782182e-18,-4.417158381635171e-18,Z,200,200
30,hard,1.44,1.0,220,1.4245274431627015e-15,1.0136218283239309e-15,-1.304315540125835e-17,P,150,200
30,hard,1.44,1.0,220,1.4245274431627015e-15,1.0136218283239334e-15,-1.3043155401258032e-17,I,200,200
30,hard,1.44,1.0,220,1.4245274431627015e-15,1.013621828323936e-15,-1.3043155401257702e-17,I,225,225
30,hard,1.44,1.0,220,1.4244506751899147e-15,-2.5047773117810345e-18,-4.417158381634217e-18,Z,225,225
30,hard,1.44,1.0,220,1.424450474166899e-15,-2.504776958298888e-18,-4.417157758270771e-18,Z,250,250
30,hard,1.44,1.0,220,1.4245272421719417e-15,1.01362182867894e-15,-1.3043154377149292e-17,P,200,250
30,hard,1.44,1.0,220,1.4245270278392907e-15,1.013622080588543e-15,-1.3043152321572733e-17,I,250,250
30,hard,1.44,1.0,220,1.4366947191963557e-18,2.4501732393416947e-15,-1.7726385190971806e-19,I,275,275
30,hard,1.44,1.0,220,2.799904140308668e-32,9.456155677248007e-33,6.799224723708181e-32,Z,275,275
30,hard,1.44,1.0,220,2.799904140308668e-32,9.456155677248007e-33,6.799224723708181e-32,Z,300,300
30,hard,1.44,1.0,220,3.0512116388569414e-19,1.0161372832362507e-15,-5.786275568291784e-18,P,250,300
30,hard,1.44,1.0,220,1.404345498525521e-18,2.4384246889844672e-15,-2.4118470958820817e-19,I,300,300
30,hard,1.44,1.0,220,1.4043454985257694e-18,2.43842468898447e-15,-2.411847095881943e-19,I,325,325
30,hard,1.44,1.0,220,2.799904140308668e-32,9.456155677248007e-33,6.799224723708181e-32,Z,325,325
30,hard,1.44,1.0,220,2.799904140308668e-32,9.456155677248007e-33,6.799224723708181e-32,Z,350,350
30,hard,1.44,1.0,220,1.404345498525521e-18,2.4384246889844672e-15,-2.4118470958820817e-19,P,300,350
30,hard,1.44,1.0,220,1.404345498525521e-18,2.4384246889844672e-15,-2.4118470958820817e-19,I,350,350
30,hard,1.44,1.0,220,1.40434549852559e-18,2.438424688984468e-15,-2.411847095882729e-19,I,375,375
30,hard,1.44,1.0,220,2.799904140308668e-32,9.456155677248007e-33,6.799224723708181e-32,Z,375,375
30,hard,1.44,1.0,220,2.799904140308668e-32,9.456155677248007e-33,6.799224723708181e-32,Z,403,403
30,hard,1.44,1.0,220,1.4043454985256333e-18,2.438424688984475e-15,-2.4118470958846624e-19,P,350,403
30,hard,1.44,1.0,220,1.4043454985256155e-18,2.438424688984476e-15,-2.4118470958827673e-19,I,403,403
30,hard,1.44,1.0,230,2.62680777431464e-15,-2.4192519489714225e-18,-8.739546990955271e-19,Z,20,20
30,hard,1.44,1.0,230,2.6268077739034934e-15,-2.419251949101291e-18,-8.739547004792446e-19,Z,100,100
30,hard,1.44,1.0,230,2.6268077734351762e-15,-2.419251325127728e-18,-8.739547039793033e-19,I,100,100
30,hard,1.44,1.0,230,1.5009090271620902e-15,1.1279303069421924e-15,-1.6127487631519173e-17,I,125,125
30,hard,1.44,1.0,230,1.5008136024253895e-15,-2.7749294676957045e-18,-4.663835134774164e-18,Z,125,125
30,hard,1.44,1.0,230,1.5008136024253895e-15,-2.7749294676957045e-18,-4.663835134774164e-18,Z,150,150
30,hard,1.44,1.0,230,1.5008136024167582e-15,-2.7749288513171254e-18,-4.6638351397925585e-18,P,100,150
30,hard,1.44,1.0,230,1.5007914689304892e-15,1.1225631590380723e-15,-1.608578855412007e-17,I,150,150
30,hard,1.44,1.0,230,1.5007914689304902e-15,1.1225631590380708e-15,-1.6085788554119366e-17,I,175,175
30,hard,1.44,1.0,230,1.5008136024253899e-15,-2.7749294676951464e-18,-4.663835134773308e-18,Z,175,175
30,hard,1.44,1.0,230,1.5008136024253899e-15,-2.7749294676951464e-18,-4.663835134773308e-18,Z,200,200
30,hard,1.44,1.0,230,1.5007914689304902e-15,1.1225631590380723e-15,-1.6085788554118947e-17,P,150,200
30,hard,1.44,1.0,230,1.5007914689304906e-15,1.1225631590380757e-15,-1.6085788554118466e-17,I,200,200
30,hard,1.44,1.0,230,1.5007914689304908e-15,1.1225631590380733e-15,-1.6085788554117832e-17,I,225,225
30,hard,1.44,1.0,230,1.5008136024253903e-15,-2.7749294676946144e-18,-4.663835134771701e-18,Z,225,225
30,hard,1.44,1.0,230,1.500813599488392e-15,-2.7749294622641826e-18,-4.663835125644751e-18,Z,250,250
30,hard,1.44,1.0,230,1.5007914659941985e-15,1.1225631590434855e-15,-1.6085788535228643e-17,P,200,250
30,hard,1.44,1.0,230,1.5007914628482346e-15,1.1225631628096796e-15,-1.6085788500431527e-17,I,250,250
30,hard,1.44,1.0,230,1.6139510563220622e-18,2.6482461543241307e-15,-4.3228157145237936e-19,I,275,275
30,hard,1.44,1.0,230,2.4151137294544712e-26,2.862984919547296e-23,1.129815881256336e-25,Z,275,275
30,hard,1.44,1.0,230,8.172829118069147e-33,2.7594878598838493e-33,1.6902064034685554e-32,Z,300,300
30,hard,1.44,1.0,230,3.388208893153977e-19,1.1253309960082557e-15,-6.4331106351688405e-18,P,250,300
30,hard,1.44,1.0,230,1.5446022482021682e-18,2.623892706935629e-15,-5.606793053384971e-19,I,300,300
30,hard,1.44,1.0,230,1.5446022482020915e-18,2.6238927069356316e-15,-5.606793053384971e-19,I,325,325
30,hard,1.44,1.0,230,8.172829118069147e-33,2.7594878598838493e-33,1.6902064034685554e-32,Z,325,325
30,hard,1.44,1.0,230,8.172829118069147e-33,2.7594878598838493e-33,1.6902064034685554e-32,Z,350,350
30,hard,1.44,1.0,230,1.5446022482021682e-18,2.623892706935629e-15,-5.606793053384971e-19,P,300,350
30,hard,1.44,1.0,230,1.5446022482021805e-18,2.623892706935629e-15,-5.606793053384786e-19,I,350,350
30,hard,1.44,1.0,230,1.5446022482021374e-18,2.6238927069356284e-15,-5.606793053384355e-19,I,375,375
30,hard,1.44,1.0,230,8.172829118069147e-33,2.7594878598838493e-33,1.6902064034685554e-32,Z,375,375
30,hard,1.44,1.0,230,8.172829118069147e-33,2.7594878598838493e-33,1.6902064034685554e-32,Z,403,403
30,hard,1.44,1.0,230,1.544602248202144e-18,2.6238927069356178e-15,-5.6067930533823365e-19,P,350,403
30,hard,1.44,1.0,230,1.5446022482021374e-18,2.6238927069356284e-15,-5.606793053384355e-19,I,403,403
30,hard,1.44,1.0,240,2.833689983837013e-15,-2.630370165399566e-18,-7.71435778780488e-19,Z,20,20
30,hard,1.44,1.0,240,2.833689983837013e-15,-2.630370165399566e-18,-7.71435778780488e-19,Z,100,100
30,hard,1.44,1.0,240,2.833689983837013e-15,-2.630370165399566e-18,-7.71435778780488e-19,I,100,100
30,hard,1.44,1.0,240,2.833689816117311e-15,-2.630144482344506e-18,-7.71436569067153e-19,I,125,125
30,hard,1.44,1.0,240,2.833689669275848e-15,-2.63014452740733e-18,-7.714370594414727e-19,Z,125,125
30,hard,1.44,1.0,240,1.5863462420274559e-15,-3.0129321220592262e-18,-4.9369167669719366e-18,Z,150,150
30,hard,1.44,1.0,240,1.5863462420274559e-15,-3.0129321220592262e-18,-4.9369167669719366e-18,P,100,150
30,hard,1.44,1.0,240,1.5866199231256144e-15,1.244116762963596e-15,-1.2828507740598066e-17,I,150,150
30,hard,1.44,1.0,240,1.5866199231256146e-15,1.2441167629635954e-15,-1.282850774059785e-17,I,175,175
30,hard,1.44,1.0,240,1.5863462420274555e-15,-3.012932122059228e-18,-4.9369167669715915e-18,Z,175,175
30,hard,1.44,1.0,240,1.5863462420274555e-15,-3.012932122059228e-18,-4.9369167669715915e-18,Z,200,200
30,hard,1.44,1.0,240,1.5866199231256148e-15,1.2441167629635942e-15,-1.2828507740598035e-17,P,150,200
30,hard,1.44,1.0,240,1.5866199231256148e-15,1.2441167629635974e-15,-1.282850774059745e-17,I,200,200
30,hard,1.44,1.0,240,1.5866199231256148e-15,1.2441167629635952e-15,-1.2828507740596969e-17,I,225,225
30,hard,1.44,1.0,240,1.5863462420274563e-15,-3.012932122058697e-18,-4.936916766970658e-18,Z,225,225
30,hard,1.44,1.0,240,1.5863462420213891e-15,-3.012932122047182e-18,-4.9369167669518684e-18,Z,250,250
30,hard,1.44,1.0,240,1.5866199231195484e-15,1.244116762963606e-15,-1.2828507740575041e-17,P,200,250
30,hard,1.44,1.0,240,1.5866199231130113e-15,1.244116762971649e-15,-1.2828507740519907e-17,I,250,250
30,hard,1.44,1.0,240,1.2975623849497516e-15,1.5633655830360898e-15,-1.0540969858878632e-17,I,275,275
30,hard,1.44,1.0,240,1.0739673125079133e-15,2.617794972686372e-16,-2.3188264422362716e-18,Z,275,275
30,hard,1.44,1.0,240,1.0575906076010118e-32,8.49951415239033e-33,-1.7670046231364303e-32,Z,300,300
30,hard,1.44,1.0,240,3.742942799712645e-19,1.2471161717077463e-15,-7.095397981021906e-18,P,250,300
30,hard,1.44,1.0,240,1.6839706708455023e-18,2.8305232449342456e-15,-8.594690740556815e-19,I,300,300
30,hard,1.44,1.0,240,1.6839706708455183e-18,2.8305232449342476e-15,-8.594690740553564e-19,I,325,325
30,hard,1.44,1.0,240,1.0575906076010118e-32,8.49951415239033e-33,-1.7670046231364303e-32,Z,325,325
30,hard,1.44,1.0,240,1.0575906076010118e-32,8.49951415239033e-33,-1.7670046231364303e-32,Z,350,350
30,hard,1.44,1.0,240,1.6839706708455023e-18,2.8305232449342456e-15,-8.594690740556815e-19,P,300,350
30,hard,1.44,1.0,240,1.6839706708455208e-18,2.8305232449342456e-15,-8.5946907405565065e-19,I,350,350
30,hard,1.44,1.0,240,1.6839706708454253e-18,2.8305232449342397e-15,-8.594690740555798e-19,I,375,375
30,hard,1.44,1.0,240,1.0575906076010118e-32,8.49951415239033e-33,-1.7670046231364303e-32,Z,375,375
30,hard,1.44,1.0,240,1.0575906076010118e-32,8.49951415239033e-33,-1.7670046231364303e-32,Z,403,403
30,hard,1.44,1.0,240,1.6839706708456626e-18,2.8305232449342424e-15,-8.594690740556491e-19,P,350,403
30,hard,1.44,1.0,240,1.6839706708454253e-18,2.8305232449342397e-15,-8.594690740555798e-19,I,403,403
