Index,Unique ID,Size,Material,Prolateness,Oblateness,Alpha,Theta,Phi,Temperature,Mag x,Mag y,Mag z,Vorticity x,Vorticity y,Vorticity z,Relative helicity,Anisotropy energy,Exchange energy,Demag energy,Total energy,Directory
0,./LEMs/LEM017,0.12,TM 00,1.44,1,0.00000000 ,0.00000000 ,0.00000000 ,20,1.03620094107664E-07,0.000129569929005175,-0.000128718258960282,-2.11386726649781E-05,0.0233817920396356,-0.0232375948676047,0.000531773398009095,-2.50700562770405E-18,1.8787080349034E-17,5.0375112547132E-18,2.13175859760432E-17,./LEMs/LEM017
1,./LEMs/LEM099,0.12,TM 00,1.44,1,0.00000000 ,0.00000000 ,0.00000000 ,20,-1.56983231867079E-06,0.000129645094618106,-0.000128590508855502,0.000151698102466591,-0.0233879703816177,0.0232254600684134,-0.000531894468228848,-2.5072950938763E-18,1.8787461224919E-17,5.03557717649276E-18,2.13157433075355E-17,./LEMs/LEM099
2,./LEMs/LEM058,0.12,TM 00,1.44,1,0.00000000 ,0.00000000 ,0.00000000 ,20,2.96025488157722E-06,-0.000129220887148509,0.000129014494574569,0.000315367402758673,-0.0233362963076196,0.0232817181302667,0.000531746026271795,-2.50711458494208E-18,1.87881975442882E-17,5.03674463774446E-18,2.13178275970906E-17,./LEMs/LEM058
3,./LEMs/LEM068,0.12,TM 00,1.44,1,0.00000000 ,0.00000000 ,0.00000000 ,20,2.63338692260268E-06,0.000129642163957346,-0.000128636573110783,0.000265127648645622,0.0233942793810749,-0.0232238652750554,0.000531769964749472,-2.50698625100746E-18,1.87872601783809E-17,5.03741066852895E-18,2.13176845959024E-17,./LEMs/LEM068
4,./LEMs/LEM027,0.12,TM 00,1.44,1,0.00000000 ,0.00000000 ,0.00000000 ,20,2.74769415268562E-06,-0.00012938900837387,0.000128906685535371,-0.000240985998610631,0.0233619153062515,-0.0232510412440952,-0.000531961548390278,-2.50722213276412E-18,1.87863096544143E-17,5.0367535493571E-18,2.13158410710072E-17,./LEMs/LEM027
5,./LEMs/LEM044,0.12,TM 00,1.44,1,0.00000000 ,0.00000000 ,0.00000000 ,20,-6.69529977059987E-06,0.000129370742722185,0.000128862104855963,0.00071696490839902,-0.0233438462856541,-0.0232657798587883,-0.000531824552766368,-2.50780381614042E-18,1.87884637553109E-17,5.03693675194864E-18,2.13175966911191E-17,./LEMs/LEM044
6,./LEMs/LEM080,0.12,TM 00,1.44,1,0.00000000 ,0.00000000 ,0.00000000 ,20,-5.74737651154029E-07,0.00012928956557251,-0.00012898593552845,-8.02849864527885E-05,0.0233449644890764,-0.0232744871673384,0.000531759442054885,-2.50704935586672E-18,1.87872884441212E-17,5.03736639867833E-18,2.13176054869328E-17,./LEMs/LEM080
7,./LEMs/LEM040,0.12,TM 00,1.44,1,0.00000000 ,0.00000000 ,0.00000000 ,20,-2.40080466472773E-06,0.000129339351066987,0.000128946739864147,0.000255024093369335,-0.0233486145770428,-0.023268394759726,-0.000531794282671377,-2.50770536033815E-18,1.8787109058653E-17,5.03750612488718E-18,2.1316909823202E-17,./LEMs/LEM040
8,./LEMs/LEM066,0.12,TM 00,1.44,1,0.00000000 ,0.00000000 ,0.00000000 ,20,1.29808055287994E-06,-0.000129526603245757,0.000128725288158133,-0.000107450483627074,0.0233640570961318,-0.0232495787175772,-0.000531923086143573,-2.50728078839365E-18,1.87871940159553E-17,5.03581518019116E-18,2.13157284077528E-17,./LEMs/LEM066
9,./LEMs/LEM051,0.12,TM 00,1.44,1,0.00000000 ,0.00000000 ,0.00000000 ,20,-1.25392370722331E-06,-0.00012895628439577,-0.000129330806716713,0.000120108595293995,0.0232942944458828,0.0233235285637518,-0.000531792024464202,-2.50768588084327E-18,1.87870168893124E-17,5.03759821105705E-18,2.13169292195262E-17,./LEMs/LEM051
10,./LEMs/LEM033,0.12,TM 00,1.44,1,0.00000000 ,0.00000000 ,0.00000000 ,20,-3.5679906715858E-06,0.00012873812903376,0.000129519127870224,-0.000421269850182709,0.0232873300370649,0.0233308211828062,0.000531811849345973,-2.50714996847367E-18,1.87864379906579E-17,5.03831863122174E-18,2.1317606653406E-17,./LEMs/LEM033
11,./LEMs/LEM042,0.12,TM 00,1.44,1,0.00000000 ,0.00000000 ,0.00000000 ,20,-4.78601296513874E-06,0.000129748861425513,0.000128626998009732,-0.000520726393668347,0.0233780828930674,0.0232381285829784,0.00053180628281069,-2.50717549572004E-18,1.87845111952692E-17,5.04038507863926E-18,2.13177207781884E-17,./LEMs/LEM042
12,./LEMs/LEM002,0.12,TM 00,1.44,1,0.00000000 ,0.00000000 ,0.00000000 ,20,-1.31060350362526E-06,-0.000129503548880417,0.000128778675242509,-0.000113068022746916,-0.0233746579622601,0.0232445934498169,0.000531752539904846,-2.50700519180342E-18,1.87871356889087E-17,5.03746449196146E-18,2.13175949890667E-17,./LEMs/LEM002
13,./LEMs/LEM070,0.12,TM 00,1.44,1,0.00000000 ,0.00000000 ,0.00000000 ,20,1.2999160511818E-06,-0.000129410357996831,0.000128879727517147,0.000170259036489658,-0.0233594231534317,0.0232596947578982,0.000531769375450263,-2.50703869593378E-18,1.87871596954142E-17,5.03753034807388E-18,2.13176513475543E-17,./LEMs/LEM070
14,./LEMs/LEM032,0.12,TM 00,1.44,1,0.00000000 ,0.00000000 ,0.00000000 ,20,1.95526569717614E-06,-0.000129184180943254,-0.000129126192732726,-0.000236329919445139,0.0233307649874836,0.0232866215500469,-0.000531808807443351,-2.50768538624785E-18,1.87869982797533E-17,5.0375975376615E-18,2.13169104311669E-17,./LEMs/LEM032
15,./LEMs/LEM090,0.12,TM 00,1.44,1,0.00000000 ,0.00000000 ,0.00000000 ,20,-1.46681519504714E-06,0.000129447541922755,0.000128886664912148,-0.000157610856053871,0.0233550041139046,0.0232651024592046,0.000531771063815989,-2.50720023484547E-18,1.87848158006516E-17,5.03968337224534E-18,2.13172989380515E-17,./LEMs/LEM090
16,./LEMs/LEM045,0.12,TM 00,1.44,1,0.00000000 ,0.00000000 ,0.00000000 ,20,-2.44248517804049E-07,-0.00012931472805412,0.000128987312290943,-2.76756504960251E-06,-0.0233462773056587,0.0232733814743441,0.00053176971879776,-2.50701846038305E-18,1.87868725155937E-17,5.03772925566527E-18,2.13175833108759E-17,./LEMs/LEM045
17,./LEMs/LEM076,0.12,TM 00,1.44,1,0.00000000 ,0.00000000 ,0.00000000 ,20,-1.0910189114427E-06,0.000129279046321341,0.00012901385998214,0.00011564310744674,-0.0233401131007748,-0.0232777344089338,-0.000531785932757356,-2.50770837331122E-18,1.87868980584142E-17,5.03766280780333E-18,2.13168524929063E-17,./LEMs/LEM076
18,./LEMs/LEM052,0.12,TM 00,1.44,1,0.00000000 ,0.00000000 ,0.00000000 ,20,1.78020467935458E-06,0.000129599100256777,-0.000128683086832436,-0.000175096706577256,-0.0233953957860823,0.0232173723182583,-0.000531990134271921,-2.50724535072461E-18,1.87869555223054E-17,5.03610033200413E-18,2.13158105035849E-17,./LEMs/LEM052
19,./LEMs/LEM016,0.12,TM 00,1.44,1,0.00000000 ,0.00000000 ,0.00000000 ,20,-8.94034298117468E-07,0.000129389363716859,0.000128979928391409,-8.62059068989624E-05,0.0233493356923754,0.0232709778999134,0.000531821381898641,-2.50717006111841E-18,1.87844692404372E-17,5.03997968222166E-18,2.13172788615405E-17,./LEMs/LEM016
20,./LEMs/LEM097,0.12,TM 00,1.44,1,0.00000000 ,0.00000000 ,0.00000000 ,20,-8.65795251066289E-07,-0.000129813060177415,-0.000128528741885098,-8.92018843008654E-05,-0.0234021972487798,-0.0232179584724864,0.000531780837862335,-2.5071877515814E-18,1.8784684964747E-17,5.03979483133116E-18,2.13172920444967E-17,./LEMs/LEM097
21,./LEMs/LEM014,0.12,TM 00,1.44,1,0.00000000 ,0.00000000 ,0.00000000 ,20,6.16288864939734E-07,-0.000129361783505935,-0.000128981153223844,8.0091284333364E-05,-0.023343677341629,-0.0232767942740017,0.000531779035779544,-2.50719760381904E-18,1.87847062367622E-17,5.03975914290969E-18,2.13172677758529E-17,./LEMs/LEM014
22,./LEMs/LEM056,0.12,TM 00,1.44,1,0.00000000 ,0.00000000 ,0.00000000 ,20,-8.02650429223213E-07,-0.000129287465938132,-0.000129015932392459,7.78760260791552E-05,0.023342159519899,0.0232758723409835,-0.00053180260829156,-2.50767065101079E-18,1.8786801277402E-17,5.03776068861854E-18,2.13168913150097E-17,./LEMs/LEM056
23,./LEMs/LEM073,0.12,TM 00,1.44,1,0.00000000 ,0.00000000 ,0.00000000 ,20,-5.7301318098775E-07,-0.000128979337751542,-0.000129372145456736,-5.21470199318351E-05,-0.0232847103742297,-0.0233358329229933,0.000531775921216333,-2.50720513565306E-18,1.87845723198943E-17,5.03991609652599E-18,2.13172832807672E-17,./LEMs/LEM073
24,./LEMs/LEM041,0.12,TM 00,1.44,1,0.00000000 ,0.00000000 ,0.00000000 ,20,-5.52023360711573E-07,0.000129688120035001,-0.000128620285981877,-7.67188113237383E-05,0.0233980811151872,-0.0232211857561896,0.000531776445564357,-2.50698840812473E-18,1.8786771439462E-17,5.03782321697347E-18,2.13176062483108E-17,./LEMs/LEM041
25,./LEMs/LEM084,0.12,TM 00,1.44,1,0.00000000 ,0.00000000 ,0.00000000 ,20,7.97923809856274E-07,-0.000130352489426948,0.000127856285347795,-6.50178910809163E-05,0.0234631413021912,-0.0231496150436405,-0.000531883857290081,-2.50720548367655E-18,1.87877111721191E-17,5.03525773762748E-18,2.131576342607E-17,./LEMs/LEM084
26,./LEMs/LEM026,0.12,TM 00,1.44,1,0.00000000 ,0.00000000 ,0.00000000 ,20,-2.53329434986484E-06,-0.000129648812058742,0.000128625181477877,0.000262044124150929,0.0233670890995429,-0.0232452810780922,-0.000531969433649717,-2.5072762580775E-18,1.87871039350515E-17,5.03604311251429E-18,2.13158707894883E-17,./LEMs/LEM026
27,./LEMs/LEM013,0.12,TM 00,1.44,1,0.00000000 ,0.00000000 ,0.00000000 ,20,5.30306698555206E-07,-0.000129411706191798,0.000128827525813425,-3.34978606369587E-05,0.0233574588918386,-0.0232565098180204,-0.000531893087508402,-2.507293660402E-18,1.87874013170876E-17,5.03560287933195E-18,2.13157105360176E-17,./LEMs/LEM013
28,./LEMs/LEM031,0.12,TM 00,1.44,1,0.00000000 ,0.00000000 ,0.00000000 ,20,1.53887766926339E-06,-0.000129500219594906,-0.000128808094673694,-0.000163868688252387,0.0233695518406745,0.0232480812994103,-0.000531805176590492,-2.50766904983797E-18,1.87867574070735E-17,5.03777777321097E-18,2.13168661304465E-17,./LEMs/LEM031
29,./LEMs/LEM096,0.12,TM 00,1.44,1,0.00000000 ,0.00000000 ,0.00000000 ,20,-9.00550464265687E-07,-0.000129380506528767,0.000128910664970936,-6.82503195607089E-05,-0.0233538101168517,0.0232657614325727,0.00053175308374407,-2.50702248997278E-18,1.87870275565127E-17,5.03757966509477E-18,2.13175847316347E-17,./LEMs/LEM096
30,./LEMs/LEM079,0.12,TM 00,1.44,1,0.00000000 ,0.00000000 ,0.00000000 ,20,-6.55344748728969E-05,-0.000138669170713466,0.000106677913207237,0.00730343678727282,0.0249986885273877,-0.0205672413153281,-0.00053327102755858,-2.49404991546244E-18,1.90907261098105E-17,4.85681143251478E-18,2.14534876268628E-17,./LEMs/LEM079
31,./LEMs/LEM046,0.12,TM 00,1.44,1,0.00000000 ,0.00000000 ,0.00000000 ,20,1.84014538561768E-06,-0.000129241112208079,-0.000129114692783219,0.000200947389305343,-0.0233254078702043,-0.0232945735789158,0.000531778684002769,-2.5071974380837E-18,1.87845672423139E-17,5.03995447872713E-18,2.13173242829573E-17,./LEMs/LEM046
32,./LEMs/LEM036,0.12,TM 00,1.44,1,0.00000000 ,0.00000000 ,0.00000000 ,20,4.1424431548926E-06,0.000129875764764384,0.000128419268963667,0.000465565568368672,0.0234061921742376,0.0232106962949141,0.000531783405238372,-2.50723883496762E-18,1.87858269574773E-17,5.03909386576819E-18,2.13176819882779E-17,./LEMs/LEM036
33,./LEMs/LEM015,0.12,TM 00,1.44,1,0.00000000 ,0.00000000 ,0.00000000 ,20,-1.63799428074269E-06,0.000129364342364893,-0.000128855921026878,0.000143469944026608,-0.0233484915039166,0.0232651398700377,-0.000531885370904672,-2.50731848292254E-18,1.8787612876952E-17,5.03545238032648E-18,2.1315746774356E-17,./LEMs/LEM015
34,./LEMs/LEM091,0.12,TM 00,1.44,1,0.00000000 ,0.00000000 ,0.00000000 ,20,3.44086130251627E-06,0.000129575976189928,-0.000128659534240318,-0.000367961758350247,-0.0233776494280577,0.0232339016348105,-0.000531921922593858,-2.50730422134659E-18,1.87877704844884E-17,5.03551405358221E-18,2.1315980316724E-17,./LEMs/LEM091
35,./LEMs/LEM062,0.12,TM 00,1.44,1,0.00000000 ,0.00000000 ,0.00000000 ,20,4.18837679536189E-07,0.000129580546525074,-0.000128646378037946,-7.07565940669812E-05,-0.0233803073564223,0.0232334050288627,-0.000531888159243091,-2.50729160288574E-18,1.87876202769474E-17,5.03539097661684E-18,2.13157196506785E-17,./LEMs/LEM062
36,./LEMs/LEM039,0.12,TM 00,1.44,1,0.00000000 ,0.00000000 ,0.00000000 ,20,-5.08559388420635E-06,-0.000128239110995652,-0.000129882447890467,-0.000579391263472821,-0.0232273263920481,-0.023387936917588,0.00053178605224679,-2.50715426852476E-18,1.87885230158024E-17,5.0366712092844E-18,2.1318039956562E-17,./LEMs/LEM039
37,./LEMs/LEM055,0.12,TM 00,1.44,1,0.00000000 ,0.00000000 ,0.00000000 ,20,9.64421158528514E-07,-0.000128668284209408,-0.000129565520315732,-0.000106067171269249,0.0232567932325268,0.0233608010346134,-0.00053176498515993,-2.50773215565621E-18,1.87878101552422E-17,5.03681200079659E-18,2.13168900003826E-17,./LEMs/LEM055
38,./LEMs/LEM067,0.12,TM 00,1.44,1,0.00000000 ,0.00000000 ,0.00000000 ,20,-6.69749998686718E-07,-0.000129484513847208,-0.000128863394381355,-5.76685117656098E-05,-0.023360130552864,-0.0232603821994933,0.000531774122742263,-2.50719601441548E-18,1.87845145122837E-17,5.03995195094119E-18,2.13172704488094E-17,./LEMs/LEM067
39,./LEMs/LEM071,0.12,TM 00,1.44,1,0.00000000 ,0.00000000 ,0.00000000 ,20,1.15384825687148E-06,0.000129582621117419,0.00012875591007386,0.000109737472700175,0.0233721714201424,0.0232480644761512,0.00053177587379338,-2.50721255571561E-18,1.87847200042605E-17,5.03978156317951E-18,2.13172890117244E-17,./LEMs/LEM071
40,./LEMs/LEM086,0.12,TM 00,1.44,1,0.00000000 ,0.00000000 ,0.00000000 ,20,-1.22959634553512E-06,-0.000129629063015496,0.0001285976506331,0.000144143492205842,0.0233865149293032,-0.0232268720386639,-0.000531886407720777,-2.50729346323411E-18,1.87876611687308E-17,5.0353859766296E-18,2.13157536821262E-17,./LEMs/LEM086
41,./LEMs/LEM007,0.12,TM 00,1.44,1,0.00000000 ,0.00000000 ,0.00000000 ,20,-2.1343068886021E-06,0.000130517360818423,-0.000127774334159288,0.000185204855820689,-0.0235097522335396,0.0231020276151514,-0.000531952027632844,-2.50706857981613E-18,1.87866587730504E-17,5.03626723845602E-18,2.13158574316902E-17,./LEMs/LEM007
42,./LEMs/LEM021,0.12,TM 00,1.44,1,0.00000000 ,0.00000000 ,0.00000000 ,20,6.0395745358761E-06,-0.000129161612876921,-0.000129424033346186,0.000600569964074514,-0.0233724779708275,-0.0232398579031531,0.000532058277605347,-2.50705444567568E-18,1.87795598366555E-17,5.04614048865539E-18,2.13186458796352E-17,./LEMs/LEM021
43,./LEMs/LEM089,0.12,TM 00,1.44,1,0.00000000 ,0.00000000 ,0.00000000 ,20,7.92019869950442E-07,-0.000129153481236198,-0.000129190556599772,9.168718110234E-05,-0.0233129761503015,-0.0233074760510932,0.000531777419890925,-2.50720010798053E-18,1.87846834574637E-17,5.03979137260123E-18,2.13172747220844E-17,./LEMs/LEM089
44,./LEMs/LEM095,0.12,TM 00,1.44,1,0.00000000 ,0.00000000 ,0.00000000 ,20,-1.0833331798362E-06,-0.000129402802044884,0.000128883206466221,-8.84949237739917E-05,-0.0233612739927819,0.023258124342479,0.00053175889871865,-2.50701879393135E-18,1.87870810732856E-17,5.03752493168072E-18,2.1317587211035E-17,./LEMs/LEM095
45,./LEMs/LEM005,0.12,TM 00,1.44,1,0.00000000 ,0.00000000 ,0.00000000 ,20,3.77259817003669E-06,0.000129583481101259,0.000128773288051275,0.000362955000366097,0.0233823786430204,0.0232353485203477,0.0005318459190176,-2.50725233876961E-18,1.87844303942823E-17,5.04038771366033E-18,2.1317565769173E-17,./LEMs/LEM005
46,./LEMs/LEM011,0.12,TM 00,1.44,1,0.00000000 ,0.00000000 ,0.00000000 ,20,5.77495423168033E-06,0.000131921746182728,-0.000126124393136545,-0.00057261119425399,-0.023739600779808,0.0228582630260595,-0.000531956857446275,-2.50676867447046E-18,1.87893966651404E-17,5.03445138795966E-18,2.13170793786296E-17,./LEMs/LEM011
47,./LEMs/LEM008,0.12,TM 00,1.44,1,0.00000000 ,0.00000000 ,0.00000000 ,20,-1.62489330014992E-06,0.00012935628372104,0.000128928686132285,0.000163334171066614,-0.0233493464947236,-0.0232681949162917,-0.000531784633041912,-2.50772421027106E-18,1.87870166058381E-17,5.03757460800948E-18,2.13168670035766E-17,./LEMs/LEM008
48,./LEMs/LEM087,0.12,TM 00,1.44,1,0.00000000 ,0.00000000 ,0.00000000 ,20,-2.05561682272796E-06,-0.000129691971555634,-0.000128567811494189,0.000210486497713553,0.0234012549876685,0.0232157398542892,-0.000531784984514367,-2.50767480510357E-18,1.87874072540521E-17,5.03727901989502E-18,2.13170114688435E-17,./LEMs/LEM087
49,./LEMs/LEM098,0.12,TM 00,1.44,1,0.00000000 ,0.00000000 ,0.00000000 ,20,5.12343310579448E-06,-0.000129736396212786,-0.000128515067070209,0.000598100502834246,-0.0233940172023419,-0.0232210277221846,0.000531784924805912,-2.50716725303089E-18,1.87868143814463E-17,5.03824204484876E-18,2.13178891732642E-17,./LEMs/LEM098
50,./LEMs/LEM081,0.12,TM 00,1.44,1,0.00000000 ,0.00000000 ,0.00000000 ,20,1.63780249011465E-06,0.000129174550476697,0.00012917770823205,0.000157767889146006,0.0233132118623899,0.0233070218253063,0.000531777474197315,-2.50720126589671E-18,1.8784579459897E-17,5.03994125409819E-18,2.13173194480985E-17,./LEMs/LEM081
51,./LEMs/LEM092,0.12,TM 00,1.44,1,0.00000000 ,0.00000000 ,0.00000000 ,20,6.14440774310801E-07,-0.000129651213143775,-0.000128717861446824,6.91381413373116E-05,-0.0233807649573122,-0.0232396956013275,0.000531789060826322,-2.50716171361433E-18,1.8784271883313E-17,5.04016138988859E-18,2.13172715595873E-17,./LEMs/LEM092
52,./LEMs/LEM093,0.12,TM 00,1.44,1,0.00000000 ,0.00000000 ,0.00000000 ,20,-1.89109160923852E-06,-0.000129975865584456,-0.000128408653645238,0.000182684398978047,0.0234298879918406,0.0231869763498654,-0.000531916580615598,-2.50753910828155E-18,1.87861398029336E-17,5.03844810876982E-18,2.13170488034219E-17,./LEMs/LEM093
53,./LEMs/LEM034,0.12,TM 00,1.44,1,0.00000000 ,0.00000000 ,0.00000000 ,20,-2.24923344697941E-06,0.00012935492256095,0.000128926609483692,0.000231819360671217,-0.023349935844639,-0.0232672673354472,-0.000531792387053759,-2.50770040397096E-18,1.87871774796948E-17,5.03741857080824E-18,2.13168956465321E-17,./LEMs/LEM034
54,./LEMs/LEM060,0.12,TM 00,1.44,1,0.00000000 ,0.00000000 ,0.00000000 ,20,-6.49993317517664E-07,0.000129471934486606,-0.000128782432907805,4.90426935175575E-05,-0.0233640811488882,0.0232497747670951,-0.00053191276701479,-2.50728379499553E-18,1.87872319402875E-17,5.03576315900371E-18,2.13157113042957E-17,./LEMs/LEM060
55,./LEMs/LEM029,0.12,TM 00,1.44,1,0.00000000 ,0.00000000 ,0.00000000 ,20,2.133688185364E-07,0.000130014099965091,0.00012843713049934,1.60078354366559E-05,0.0234234426047689,0.0231971498172134,0.000531799054297281,-2.50707808084314E-18,1.87827200874459E-17,5.04166054780569E-18,2.13173025544084E-17,./LEMs/LEM029
56,./LEMs/LEM022,0.12,TM 00,1.44,1,0.00000000 ,0.00000000 ,0.00000000 ,20,-1.20380391279817E-06,0.000129563806578403,-0.000128668592789003,9.92418209229921E-05,-0.0233795512326611,0.0232341059877961,-0.000531885164633258,-2.50730521682169E-18,1.87874224033678E-17,5.03560456504937E-18,2.13157217515955E-17,./LEMs/LEM022
57,./LEMs/LEM048,0.12,TM 00,1.44,1,0.00000000 ,0.00000000 ,0.00000000 ,20,4.50595808448395E-06,-0.00012905434641895,0.000129214842549452,-0.000442637361290011,0.0233071000754122,-0.0233040271559401,-0.000531939737389976,-2.50728778627544E-18,1.87869464211479E-17,5.03641528920015E-18,2.13160739240726E-17,./LEMs/LEM048
58,./LEMs/LEM043,0.12,TM 00,1.44,1,0.00000000 ,0.00000000 ,0.00000000 ,20,-5.76271019205149E-06,0.000129215805893737,0.000129034347694664,0.000598744053348617,-0.0233302796686619,-0.0232819868959682,-0.000531803589182999,-2.50777347265941E-18,1.87879417017164E-17,5.03719587862536E-18,2.13173641076823E-17,./LEMs/LEM043
59,./LEMs/LEM100,0.12,TM 00,1.44,1,0.00000000 ,0.00000000 ,0.00000000 ,20,9.60997760035036E-06,0.000127652517362509,0.000130547325956419,0.00105779818824103,0.0231185463944089,0.0234826375658604,0.000531880089535479,-2.50727165562187E-18,1.87885906170711E-17,5.03817675487183E-18,2.13194957163211E-17,./LEMs/LEM100
60,./LEMs/LEM012,0.12,TM 00,1.44,1,0.00000000 ,0.00000000 ,0.00000000 ,20,-1.40843895894153E-06,-0.000129219252771845,-0.000129101246296482,-0.000123786650116752,-0.0233150860646869,-0.0233056330011544,0.000531699193176808,-2.50724545064732E-18,1.87846548941259E-17,5.03990771012009E-18,2.13173171535987E-17,./LEMs/LEM012
61,./LEMs/LEM050,0.12,TM 00,1.44,1,0.00000000 ,0.00000000 ,0.00000000 ,20,9.20639889212745E-08,-0.00012944006627363,0.000128852979789296,3.19942278404184E-05,-0.0233645850363774,0.0232549154212524,0.000531767241258495,-2.50702208886942E-18,1.87870219856746E-17,5.03758694592918E-18,2.13175868427343E-17,./LEMs/LEM050
62,./LEMs/LEM078,0.12,TM 00,1.44,1,0.00000000 ,0.00000000 ,0.00000000 ,20,1.30189890251341E-06,0.00012942194318647,0.000128815588329401,-0.000175002202427196,-0.0233515865232032,-0.023266413285016,-0.00053178068440716,-2.50764676995344E-18,1.87879808093943E-17,5.03666906519072E-18,2.13170031046316E-17,./LEMs/LEM078
63,./LEMs/LEM025,0.12,TM 00,1.44,1,0.00000000 ,0.00000000 ,0.00000000 ,20,-1.05204776760642E-06,0.000129306431670933,0.000128984617161469,0.000117112945739668,-0.0233454055544424,-0.0232724971947554,-0.000531794647168316,-2.50768504543949E-18,1.87870098499216E-17,5.03752668289873E-18,2.13168514873808E-17,./LEMs/LEM025
64,./LEMs/LEM065,0.12,TM 00,1.44,1,0.00000000 ,0.00000000 ,0.00000000 ,20,2.74617319138164E-06,0.000129892179919674,0.000128478015172688,0.00026867233096555,0.0234189069823367,0.0232001103125418,0.000531780487239813,-2.50717740404925E-18,1.87840378974987E-17,5.04056866166548E-18,2.1317429155115E-17,./LEMs/LEM065
65,./LEMs/LEM082,0.12,TM 00,1.44,1,0.00000000 ,0.00000000 ,0.00000000 ,20,1.12357539170582E-05,-0.000129382448801248,0.000128502883835386,0.00121993735190777,-0.0233430526398429,0.0232562217856649,0.000531439354791434,-2.50732363676673E-18,1.87963872827821E-17,5.03135138202636E-18,2.13204150280417E-17,./LEMs/LEM082
66,./LEMs/LEM063,0.12,TM 00,1.44,1,0.00000000 ,0.00000000 ,0.00000000 ,20,5.48537609551602E-06,0.000129406011743018,0.000129295124305254,0.00057282897222906,0.0232201892574777,0.0233933465293979,0.000532197010587919,-2.50706143460319E-18,1.87786149890402E-17,5.04663771338118E-18,2.13181912678182E-17,./LEMs/LEM063
67,./LEMs/LEM004,0.12,TM 00,1.44,1,0.00000000 ,0.00000000 ,0.00000000 ,20,7.37303380191335E-07,0.000129468645810257,-0.000128814600606166,5.31754350281242E-05,0.0233676939071455,-0.0232517655255027,0.000531761859828136,-2.50701510715558E-18,1.87871970458041E-17,5.03739960376127E-18,2.13175815424098E-17,./LEMs/LEM004
68,./LEMs/LEM049,0.12,TM 00,1.44,1,0.00000000 ,0.00000000 ,0.00000000 ,20,-2.58167672735771E-07,0.000129538696657948,-0.000128755573478507,-5.03944600859319E-05,0.0233810254113037,-0.0232383315781093,0.000531770147252008,-2.50701400847965E-18,1.87869984276038E-17,5.03760812501335E-18,2.13175925441375E-17,./LEMs/LEM049
69,./LEMs/LEM028,0.12,TM 00,1.44,1,0.00000000 ,0.00000000 ,0.00000000 ,20,6.77439999063151E-07,-0.000129486433275023,0.00012880709784915,9.1777894337154E-05,-0.0233704060249662,0.0232489452607078,0.000531769181314833,-2.50702472938277E-18,1.87870301797979E-17,5.03760101958973E-18,2.13176064700049E-17,./LEMs/LEM028
70,./LEMs/LEM061,0.12,TM 00,1.44,1,0.00000000 ,0.00000000 ,0.00000000 ,20,-7.1638259326169E-06,0.000130777506884795,-0.000127235847827618,0.000779545863613846,-0.0235426265776853,0.0230596366001606,-0.000531953440563647,-2.5070534523197E-18,1.87916469850135E-17,5.03231909574766E-18,2.13169126284414E-17,./LEMs/LEM061
71,./LEMs/LEM069,0.12,TM 00,1.44,1,0.00000000 ,0.00000000 ,0.00000000 ,20,-8.82905068464413E-07,-0.000129535731760256,-0.000128819437624159,-8.21180298539771E-05,-0.0233653982742111,-0.0232550196204237,0.000531778300507118,-2.50719819928693E-18,1.87843885047059E-17,5.04008784673012E-18,2.13172781521491E-17,./LEMs/LEM069
72,./LEMs/LEM057,0.12,TM 00,1.44,1,0.00000000 ,0.00000000 ,0.00000000 ,20,-9.16244791414064E-06,-0.000129929595670143,0.000128274664162895,0.000902211933814154,0.0234375790569977,-0.0231613373841794,-0.000532057145962051,-2.50733949905696E-18,1.87883091298109E-17,5.03645873762751E-18,2.13174283683814E-17,./LEMs/LEM057
73,./LEMs/LEM047,0.12,TM 00,1.44,1,0.00000000 ,0.00000000 ,0.00000000 ,20,2.70805999292545E-08,-0.000129157236815821,-0.000129154876180282,2.2557408692103E-05,-0.0233105927087953,-0.0233095123815176,0.000531823229943858,-2.50724318287228E-18,1.87854444959632E-17,5.03908160031854E-18,2.13172829134094E-17,./LEMs/LEM047
74,./LEMs/LEM023,0.12,TM 00,1.44,1,0.00000000 ,0.00000000 ,0.00000000 ,20,-4.08031779714197E-06,0.000129191189485477,-0.000128980138421038,0.000433854168559231,-0.0233354087918089,0.0232759182737851,-0.000531898432988295,-2.50730526892517E-18,1.87886964668498E-17,5.03464044291333E-18,2.1316031640838E-17,./LEMs/LEM023
75,./LEMs/LEM018,0.12,TM 00,1.44,1,0.00000000 ,0.00000000 ,0.00000000 ,20,1.60588372755533E-06,-0.000129820915943715,-0.000128463001302998,-0.000179900945217855,0.0234083570929388,0.0232088733002263,-0.00053179653735647,-2.50766717911294E-18,1.87871025865065E-17,5.0374527722308E-18,2.13168881796243E-17,./LEMs/LEM018
76,./LEMs/LEM059,0.12,TM 00,1.44,1,0.00000000 ,0.00000000 ,0.00000000 ,20,1.26636777049798E-06,-0.000129423720447331,0.000128798429089377,-0.000106759365703167,0.0233580574905367,-0.0232556772262772,-0.000531882146923158,-2.50731076605947E-18,1.87875961761179E-17,5.03544028374777E-18,2.13157256938062E-17,./LEMs/LEM059
77,./LEMs/LEM035,0.12,TM 00,1.44,1,0.00000000 ,0.00000000 ,0.00000000 ,20,-4.10981201308373E-07,-0.000129559377357494,0.000128662757941868,5.84624106060568E-05,0.0233789371718257,-0.0232348074491675,-0.000531874603476458,-2.50729956114882E-18,1.87876925557539E-17,5.03532522343144E-18,2.13157182180365E-17,./LEMs/LEM035
78,./LEMs/LEM077,0.12,TM 00,1.44,1,0.00000000 ,0.00000000 ,0.00000000 ,20,-2.05233867126636E-06,-0.000128982297594835,-0.000129374690377232,-0.000196071440167354,-0.0232956239390175,-0.0233243707250941,0.000531816541762376,-2.50718239156371E-18,1.87846625704838E-17,5.03987835621615E-18,2.13173585351362E-17,./LEMs/LEM077
79,./LEMs/LEM020,0.12,TM 00,1.44,1,0.00000000 ,0.00000000 ,0.00000000 ,20,-0.000495831726008368,9.39361201313979E-07,-6.75704129985993E-07,0.035575682895951,-0.000152131040463053,0.000114975700195136,-0.000679763776358369,-2.63160084617877E-18,1.54813369201597E-17,1.04152651052779E-17,2.32650011792588E-17,./LEMs/LEM020
80,./LEMs/LEM083,0.12,TM 00,1.44,1,0.00000000 ,0.00000000 ,0.00000000 ,20,-6.534356271602E-06,0.000129769068524099,-0.00012845374638623,0.000634587678809942,-0.0234045795839186,0.0232023484306669,-0.000531944554067047,-2.50729686785971E-18,1.87874635314818E-17,5.0362648311685E-18,2.13164314947906E-17,./LEMs/LEM083
81,./LEMs/LEM072,0.12,TM 00,1.44,1,0.00000000 ,0.00000000 ,0.00000000 ,20,-3.03314970520073E-06,-0.00012930014943362,0.000128974444989373,-0.000311818691036684,-0.0233517913972479,0.0232662200305576,0.000531770517424185,-2.50700935659928E-18,1.87874131654654E-17,5.03732477117055E-18,2.13177285800367E-17,./LEMs/LEM072
82,./LEMs/LEM074,0.12,TM 00,1.44,1,0.00000000 ,0.00000000 ,0.00000000 ,20,-1.45192818059407E-06,0.000129267931280762,0.00012902717201026,0.000154594237039196,-0.0233382863130458,-0.0232794677425854,-0.00053179631000999,-2.50769035087458E-18,1.87869931988732E-17,5.03755859743692E-18,2.13168614454355E-17,./LEMs/LEM074
83,./LEMs/LEM030,0.12,TM 00,1.44,1,0.00000000 ,0.00000000 ,0.00000000 ,20,-1.71689603244571E-06,0.000129252393886969,-0.000129015385188674,-0.000212452733846266,0.0233268724053929,-0.0232923820690409,0.000531744922996033,-2.50705188210165E-18,1.87876352707675E-17,5.03711212419768E-18,2.13176955128636E-17,./LEMs/LEM030
84,./LEMs/LEM038,0.12,TM 00,1.44,1,0.00000000 ,0.00000000 ,0.00000000 ,20,3.43849107414349E-06,0.000129501484816577,-0.000128693145594301,0.000359501275842488,0.0233804608887543,-0.0232373459306825,0.000531813423357245,-2.50691908916575E-18,1.87888281865068E-17,5.0358810050124E-18,2.13177901023535E-17,./LEMs/LEM038
85,./LEMs/LEM009,0.12,TM 00,1.44,1,0.00000000 ,0.00000000 ,0.00000000 ,20,-1.31202327800219E-06,0.000129470487303607,-0.000128842450455314,-0.000138898754672464,0.023370824698127,-0.0232482507817176,0.000531797420452566,-2.50704568312886E-18,1.87866517222331E-17,5.03803275486666E-18,2.13176387939709E-17,./LEMs/LEM009
86,./LEMs/LEM003,0.12,TM 00,1.44,1,0.00000000 ,0.00000000 ,0.00000000 ,20,-5.11404140450636E-08,0.000129386110513554,-0.00012890085533925,-2.87409242303532E-05,0.0233582495860796,-0.0232612632818635,0.000531768562919493,-2.44812354025281E-18,3.97707752886122E-17,2.26272438436489E-17,5.99498955920083E-17,./LEMs/LEM003
87,./LEMs/LEM064,0.12,TM 00,1.44,1,0.00000000 ,0.00000000 ,0.00000000 ,20,9.93174514691193E-07,-0.000129410151987516,-0.000128941746345726,0.000107519423998396,-0.0233472499702989,-0.0232730981616911,0.000531792586529243,-2.50718568006092E-18,1.87846428233135E-17,5.03981945927591E-18,2.13172766025285E-17,./LEMs/LEM064
88,./LEMs/LEM037,0.12,TM 00,1.44,1,0.00000000 ,0.00000000 ,0.00000000 ,20,-5.18842544929168E-07,0.000130973780862883,0.000127490001914906,5.15740589834271E-05,-0.0235578881320682,-0.0230580099691876,-0.000531963441726806,-2.50727618982317E-18,1.87844975853193E-17,5.03986281784514E-18,2.13170842133413E-17,./LEMs/LEM037
89,./LEMs/LEM024,0.12,TM 00,1.44,1,0.00000000 ,0.00000000 ,0.00000000 ,20,-4.26563645100991E-06,0.000129869928407311,0.00012846724290774,-0.000473161993862977,0.023410590041442,0.0232063773472007,0.000531760008626588,-2.50718339785833E-18,1.87862150719918E-17,5.03863491421473E-18,2.13176665883481E-17,./LEMs/LEM024
90,./LEMs/LEM085,0.12,TM 00,1.44,1,0.00000000 ,0.00000000 ,0.00000000 ,20,-1.00815988565294E-06,0.000129537458849842,-0.000128701883983468,7.72419797971908E-05,-0.0233765828837522,0.0232371154194027,-0.000531896891984344,-2.50728535902474E-18,1.87873623554456E-17,5.03563877588179E-18,2.13157157723026E-17,./LEMs/LEM085
91,./LEMs/LEM075,0.12,TM 00,1.44,1,0.00000000 ,0.00000000 ,0.00000000 ,20,-1.21543249274249E-06,0.00012945034379317,0.000128840030375081,0.000134094539438948,-0.0233622436882129,-0.0232555456652791,-0.000531792599498609,-2.50768106426235E-18,1.8787023312381E-17,5.03751332800173E-18,2.13168555761204E-17,./LEMs/LEM075
92,./LEMs/LEM054,0.12,TM 00,1.44,1,0.00000000 ,0.00000000 ,0.00000000 ,20,1.1047956360639E-06,-0.000129263345406388,-0.000129021851538658,-0.000126858853135671,0.0233400761777274,0.0232777997227462,-0.000531782834384236,-2.5076926295745E-18,1.87870706507948E-17,5.03747554896555E-18,2.13168535701858E-17,./LEMs/LEM054
93,./LEMs/LEM094,0.12,TM 00,1.44,1,0.00000000 ,0.00000000 ,0.00000000 ,20,-4.6039607965133E-07,0.000129389541229892,-0.000128909798248337,-7.2330215399847E-05,0.0233567772804663,-0.0232627217134137,0.000531772904278393,-2.50702488988811E-18,1.87869508503748E-17,5.03767322014452E-18,2.13175991806312E-17,./LEMs/LEM094
94,./LEMs/LEM088,0.12,TM 00,1.44,1,0.00000000 ,0.00000000 ,0.00000000 ,20,-2.01439483959039E-06,0.000129585769202648,-0.000128635125040577,0.000188913816420432,-0.0233821014683788,0.0232310822162166,-0.000531882438625555,-2.50729908664012E-18,1.87876237262484E-17,5.03543830306208E-18,2.13157629426703E-17,./LEMs/LEM088
95,./LEMs/LEM001,0.12,TM 00,1.44,1,0.00000000 ,0.00000000 ,0.00000000 ,20,-7.18006459671667E-07,0.000129626498894566,0.000128666375626084,7.93716347776628E-05,-0.023384666194912,-0.0232331657360266,-0.000531795622428034,-2.50766714382386E-18,1.8786927260009E-17,5.03759468171755E-18,2.13168547979027E-17,./LEMs/LEM001
96,./LEMs/LEM019,0.12,TM 00,1.44,1,0.00000000 ,0.00000000 ,0.00000000 ,20,-4.13594938393784E-06,0.000129418983494671,-0.000128682155139602,0.000448032241842988,-0.0233653144988501,0.0232461333609672,-0.000531901238260619,-2.50722789640328E-18,1.87900958698704E-17,5.03320832923855E-18,2.13160763027057E-17,./LEMs/LEM019
97,./LEMs/LEM006,0.12,TM 00,1.44,1,0.00000000 ,0.00000000 ,0.00000000 ,20,4.75500095309328E-07,0.000129423996280755,0.000128923425931298,3.91173730699959E-05,0.023350701560926,0.0232698219392747,0.000531778428126543,-2.50720250491048E-18,1.87845898362463E-17,5.03987681842619E-18,2.1317264149762E-17,./LEMs/LEM006
98,./LEMs/LEM010,0.12,TM 00,1.44,1,0.00000000 ,0.00000000 ,0.00000000 ,20,-1.31823733049201E-06,0.000129353151600773,0.000128937877193035,0.000146486422785819,-0.0233508598250552,-0.0232668928880535,-0.000531793137445741,-2.50768812818778E-18,1.87870144941828E-17,5.03753136647107E-18,2.13168577324661E-17,./LEMs/LEM010
99,./LEMs/LEM053,0.12,TM 00,1.44,1,0.00000000 ,0.00000000 ,0.00000000 ,20,-2.41171511202712E-05,-2.66266732149057E-05,2.38163102235686E-05,-0.000247735407161129,-0.0246536289451839,0.0221592884216029,0.000148453115656233,-2.54749039962682E-18,2.33319652145553E-17,4.19680934191442E-18,2.49812841568429E-17,./LEMs/LEM053
